Transaction ID,Customer ID,Category,Item,Price Per Unit,Quantity,Total Spent,Payment Method,Location,Transaction Date,Discount Applied
TXN_7482416,CUST_09,Patisserie,,,10.0,200.0,Credit Card,Online,2023-11-30,
TXN_1372952,CUST_21,Furniture,,33.5,,,Digital Wallet,In-store,2024-04-02,True
TXN_5422631,CUST_09,Milk Products,,,8.0,52.0,Digital Wallet,In-store,2025-01-12,True
TXN_1809665,CUST_14,Beverages,,24.5,,,Credit Card,In-store,2022-05-11,
TXN_9634894,CUST_15,Milk Products,,,10.0,275.0,Digital Wallet,Online,2022-04-17,
TXN_4206593,CUST_01,Furniture,,35.0,,,Digital Wallet,Online,2025-01-13,False
TXN_8685338,CUST_15,Milk Products,,,3.0,105.0,Credit Card,In-store,2023-10-29,
TXN_3481599,CUST_05,Furniture,,39.5,,,Cash,Online,2022-09-08,False
TXN_1543244,CUST_20,Food,,,8.0,196.0,Credit Card,Online,2024-10-25,True
TXN_1621497,CUST_06,Patisserie,,23.0,,,Cash,In-store,2023-02-18,
TXN_4532214,CUST_25,Patisserie,,15.5,,,Credit Card,In-store,2024-03-25,False
TXN_5419965,CUST_23,Computers and electric accessories,,20.0,,,Digital Wallet,Online,2024-01-16,False
TXN_8210621,CUST_03,Beverages,,39.5,,,Digital Wallet,Online,2024-01-03,False
TXN_8586300,CUST_11,Computers and electric accessories,,27.5,,,Credit Card,Online,2022-02-08,False
TXN_4608122,CUST_21,Butchers,,,10.0,275.0,Digital Wallet,Online,2022-10-01,False
TXN_1154680,CUST_25,Furniture,,35.0,,,Credit Card,Online,2022-12-18,False
TXN_9177662,CUST_15,Furniture,,24.5,,,Cash,In-store,2024-09-30,True
TXN_3822751,CUST_21,Butchers,,,9.0,126.0,Digital Wallet,In-store,2024-03-04,False
TXN_1175914,CUST_13,Butchers,,23.0,,,Cash,In-store,2023-05-19,False
TXN_9610555,CUST_15,Beverages,,6.5,,,Cash,In-store,2022-11-15,False
TXN_7804271,CUST_22,Patisserie,,,8.0,40.0,Cash,Online,2023-02-10,
TXN_1811555,CUST_15,Food,,30.5,,,Cash,Online,2023-07-31,
TXN_9246169,CUST_14,Electric household essentials,,38.0,,,Cash,Online,2023-08-16,False
TXN_3433195,CUST_24,Electric household essentials,,,7.0,150.5,Cash,Online,2023-03-30,
TXN_9410785,CUST_24,Furniture,,12.5,,,Digital Wallet,Online,2024-01-14,False
TXN_9130896,CUST_03,Food,,20.0,,,Digital Wallet,In-store,2022-05-17,
TXN_7571093,CUST_17,Milk Products,,,9.0,99.0,Digital Wallet,In-store,2022-11-18,
TXN_3096445,CUST_17,Computers and electric accessories,,32.0,,,Digital Wallet,In-store,2024-06-25,
TXN_9469962,CUST_08,Beverages,,,6.0,48.0,Cash,Online,2024-02-26,False
TXN_8838958,CUST_01,Computers and electric accessories,,15.5,,,Cash,In-store,2024-11-08,
TXN_5911306,CUST_21,Milk Products,,,8.0,268.0,Digital Wallet,Online,2022-10-10,True
TXN_4351153,CUST_21,Food,,17.0,,,Cash,In-store,2024-12-07,False
TXN_2496138,CUST_22,Food,,11.0,,,Cash,Online,2023-10-04,
TXN_3834320,CUST_18,Beverages,,24.5,,,Cash,In-store,2022-11-08,True
TXN_6615809,CUST_20,Computers and electric accessories,,15.5,,,Credit Card,In-store,2023-06-22,True
TXN_7043807,CUST_24,Furniture,,,7.0,182.0,Digital Wallet,In-store,2022-02-07,
TXN_6908704,CUST_16,Electric household essentials,,26.0,,,Digital Wallet,In-store,2024-02-04,True
TXN_7383288,CUST_10,Milk Products,,26.0,,,Digital Wallet,In-store,2022-08-12,
TXN_2218629,CUST_10,Computers and electric accessories,,,3.0,96.0,Credit Card,Online,2022-03-21,False
TXN_8348586,CUST_03,Electric household essentials,,,8.0,220.0,Credit Card,Online,2022-08-12,
TXN_2771813,CUST_17,Electric household essentials,,41.0,,,Digital Wallet,Online,2022-06-10,
TXN_2687566,CUST_19,Furniture,,,1.0,27.5,Credit Card,Online,2022-03-21,False
TXN_2346263,CUST_21,Electric household essentials,,12.5,,,Credit Card,In-store,2022-09-09,False
TXN_5361643,CUST_19,Food,,,2.0,46.0,Digital Wallet,Online,2023-12-19,
TXN_3171192,CUST_13,Food,,26.0,,,Cash,Online,2024-01-22,True
TXN_4897743,CUST_01,Food,,,9.0,193.5,Credit Card,In-store,2024-03-18,
TXN_1565398,CUST_25,Food,,,8.0,148.0,Credit Card,In-store,2022-06-15,
TXN_9472812,CUST_04,Food,,11.0,,,Digital Wallet,Online,2024-08-16,
TXN_9917843,CUST_11,Milk Products,,,10.0,95.0,Digital Wallet,Online,2024-03-04,True
TXN_3948610,CUST_07,Furniture,,33.5,,,Digital Wallet,In-store,2023-02-24,
TXN_4298975,CUST_22,Milk Products,,,2.0,61.0,Digital Wallet,Online,2023-12-18,False
TXN_1285469,CUST_20,Electric household essentials,,,7.0,108.5,Digital Wallet,Online,2022-06-17,False
TXN_6586324,CUST_15,Butchers,,,6.0,183.0,Digital Wallet,In-store,2024-05-08,
TXN_8177929,CUST_12,Furniture,,,2.0,76.0,Credit Card,Online,2022-06-12,True
TXN_7555309,CUST_12,Beverages,,,5.0,107.5,Credit Card,Online,2022-07-15,True
TXN_7101302,CUST_16,Beverages,,,1.0,33.5,Cash,In-store,2024-10-24,True
TXN_5034035,CUST_08,Furniture,,9.5,,,Credit Card,Online,2024-08-25,False
TXN_9923470,CUST_21,Patisserie,,5.0,,,Digital Wallet,In-store,2023-03-08,True
TXN_8935391,CUST_16,Milk Products,,,1.0,27.5,Credit Card,Online,2022-09-06,True
TXN_2028333,CUST_18,Milk Products,,,4.0,110.0,Digital Wallet,In-store,2024-07-28,True
TXN_5476798,CUST_02,Butchers,,,10.0,380.0,Digital Wallet,Online,2022-10-07,False
TXN_5849098,CUST_16,Furniture,,,3.0,105.0,Cash,Online,2024-06-23,False
TXN_3010762,CUST_24,Furniture,,,2.0,10.0,Digital Wallet,In-store,2023-07-14,True
TXN_9671023,CUST_22,Computers and electric accessories,,30.5,,,Credit Card,In-store,2024-11-02,True
TXN_8482271,CUST_23,Patisserie,,20.0,,,Cash,Online,2022-01-05,
TXN_7068372,CUST_23,Computers and electric accessories,,23.0,,,Digital Wallet,In-store,2022-12-10,
TXN_6417831,CUST_22,Computers and electric accessories,,20.0,,,Credit Card,In-store,2024-01-05,False
TXN_7461424,CUST_25,Beverages,,27.5,,,Cash,In-store,2024-11-23,True
TXN_1972761,CUST_23,Patisserie,,,10.0,80.0,Credit Card,In-store,2024-10-24,
TXN_8487838,CUST_18,Computers and electric accessories,,,4.0,44.0,Digital Wallet,Online,2023-02-04,
TXN_4445756,CUST_15,Patisserie,,,4.0,164.0,Credit Card,In-store,2023-10-26,
TXN_6857566,CUST_23,Computers and electric accessories,,,2.0,46.0,Credit Card,In-store,2024-03-14,True
TXN_7705441,CUST_25,Milk Products,,26.0,,,Digital Wallet,Online,2022-02-27,False
TXN_8624505,CUST_19,Food,,,9.0,207.0,Cash,In-store,2023-09-15,True
TXN_9637396,CUST_19,Electric household essentials,,21.5,,,Cash,Online,2024-09-04,
TXN_2843259,CUST_24,Patisserie,,,1.0,27.5,Digital Wallet,In-store,2023-03-25,True
TXN_3278532,CUST_07,Furniture,,,9.0,247.5,Cash,In-store,2025-01-12,False
TXN_1909279,CUST_10,Electric household essentials,,24.5,,,Credit Card,Online,2024-06-12,True
TXN_3512388,CUST_14,Furniture,,,10.0,110.0,Digital Wallet,In-store,2024-03-30,
TXN_8905154,CUST_09,Butchers,,,5.0,115.0,Credit Card,In-store,2022-10-24,
TXN_1534681,CUST_08,Food,,24.5,,,Credit Card,In-store,2023-01-11,False
TXN_2031813,CUST_12,Butchers,,,1.0,6.5,Credit Card,Online,2024-07-11,True
TXN_2515470,CUST_07,Food,,8.0,,,Credit Card,Online,2023-09-20,
TXN_8110567,CUST_02,Beverages,,33.5,,,Digital Wallet,In-store,2022-04-12,True
TXN_3499525,CUST_02,Beverages,,15.5,,,Digital Wallet,Online,2024-02-16,
TXN_1096977,CUST_07,Food,,,9.0,207.0,Cash,In-store,2024-12-07,False
TXN_8988049,CUST_01,Milk Products,,8.0,,,Digital Wallet,In-store,2023-06-27,False
TXN_9887959,CUST_24,Beverages,,21.5,,,Cash,Online,2023-08-09,True
TXN_9017628,CUST_19,Food,,,5.0,55.0,Credit Card,In-store,2022-10-10,False
TXN_7109246,CUST_04,Butchers,,,8.0,64.0,Cash,Online,2022-03-11,False
TXN_5616762,CUST_04,Butchers,,,8.0,172.0,Credit Card,Online,2022-01-24,True
TXN_1995311,CUST_23,Patisserie,,38.0,,,Cash,In-store,2024-05-16,False
TXN_8322817,CUST_23,Patisserie,,,8.0,304.0,Digital Wallet,In-store,2022-06-15,
TXN_8914114,CUST_16,Milk Products,,,8.0,112.0,Digital Wallet,In-store,2023-09-22,True
TXN_2677539,CUST_15,Food,,39.5,,,Cash,In-store,2022-08-31,False
TXN_2090456,CUST_05,Butchers,,,10.0,395.0,Cash,In-store,2023-12-15,True
TXN_5980975,CUST_13,Furniture,,5.0,,,Credit Card,Online,2023-08-01,
TXN_3368345,CUST_25,Furniture,,12.5,,,Credit Card,In-store,2022-10-03,False
TXN_8454077,CUST_11,Computers and electric accessories,,,2.0,16.0,Cash,Online,2023-02-15,True
TXN_7113206,CUST_09,Milk Products,,27.5,,,Digital Wallet,In-store,2023-07-28,
TXN_3704834,CUST_07,Electric household essentials,,29.0,,,Cash,Online,2022-07-06,False
TXN_4614873,CUST_03,Furniture,,,9.0,234.0,Cash,Online,2023-07-29,False
TXN_5006011,CUST_10,Butchers,,,8.0,280.0,Cash,In-store,2022-01-11,
TXN_9620768,CUST_07,Butchers,,21.5,,,Cash,Online,2024-04-06,True
TXN_9025948,CUST_21,Beverages,,8.0,,,Digital Wallet,In-store,2023-12-25,True
TXN_5431616,CUST_17,Furniture,,,1.0,15.5,Cash,In-store,2024-11-26,False
TXN_6471352,CUST_17,Beverages,,,4.0,80.0,Cash,Online,2025-01-05,False
TXN_2126674,CUST_16,Milk Products,,39.5,,,Digital Wallet,In-store,2024-10-29,False
TXN_6308565,CUST_19,Computers and electric accessories,,,4.0,44.0,Credit Card,Online,2024-02-10,False
TXN_8954821,CUST_14,Milk Products,,,9.0,45.0,Digital Wallet,In-store,2024-06-12,
TXN_2897310,CUST_19,Butchers,,,9.0,261.0,Digital Wallet,In-store,2023-06-25,False
TXN_2949356,CUST_17,Beverages,,,8.0,316.0,Digital Wallet,Online,2022-08-01,False
TXN_1871707,CUST_10,Electric household essentials,,,1.0,33.5,Digital Wallet,In-store,2022-04-01,False
TXN_3053471,CUST_16,Beverages,,29.0,,,Cash,Online,2024-06-09,
TXN_4737365,CUST_05,Furniture,,24.5,,,Digital Wallet,Online,2023-11-02,True
TXN_8221101,CUST_18,Patisserie,,,6.0,228.0,Digital Wallet,In-store,2022-02-09,True
TXN_8508332,CUST_13,Milk Products,,,10.0,80.0,Digital Wallet,In-store,2022-06-23,
TXN_1446103,CUST_20,Butchers,,6.5,,,Cash,In-store,2022-07-29,True
TXN_3784837,CUST_16,Butchers,,,1.0,38.0,Credit Card,Online,2024-06-06,False
TXN_8615445,CUST_01,Beverages,,21.5,,,Credit Card,In-store,2022-12-22,False
TXN_7297595,CUST_19,Furniture,,39.5,,,Cash,In-store,2022-01-07,
TXN_7819515,CUST_13,Butchers,,12.5,,,Cash,Online,2022-02-15,False
TXN_1792761,CUST_11,Food,,,7.0,77.0,Digital Wallet,Online,2022-01-26,
TXN_6103372,CUST_23,Food,,,3.0,69.0,Credit Card,Online,2024-10-08,True
TXN_4417302,CUST_11,Butchers,,,9.0,234.0,Credit Card,Online,2024-09-05,False
TXN_3394201,CUST_17,Computers and electric accessories,,,8.0,256.0,Cash,Online,2024-11-04,
TXN_2227872,CUST_03,Furniture,,,7.0,276.5,Digital Wallet,In-store,2024-05-27,True
TXN_9285106,CUST_23,Computers and electric accessories,,,10.0,335.0,Credit Card,In-store,2024-06-18,True
TXN_9999124,CUST_02,Butchers,,36.5,,,Digital Wallet,In-store,2024-02-21,False
TXN_7075100,CUST_20,Patisserie,,41.0,,,Digital Wallet,Online,2024-02-16,True
TXN_1276885,CUST_23,Patisserie,,5.0,,,Cash,In-store,2024-12-30,
TXN_7729357,CUST_08,Milk Products,,14.0,,,Credit Card,Online,2024-06-19,
TXN_9773979,CUST_05,Computers and electric accessories,,8.0,,,Digital Wallet,Online,2024-11-04,False
TXN_3019913,CUST_18,Milk Products,,,10.0,125.0,Cash,Online,2024-02-16,True
TXN_5136594,CUST_14,Patisserie,,,7.0,213.5,Credit Card,In-store,2022-03-23,False
TXN_8831517,CUST_08,Computers and electric accessories,,,1.0,33.5,Cash,In-store,2022-04-21,True
TXN_5315119,CUST_10,Patisserie,,,3.0,28.5,Digital Wallet,Online,2024-09-01,
TXN_2164614,CUST_07,Furniture,,6.5,,,Digital Wallet,Online,2023-05-18,
TXN_7470621,CUST_02,Electric household essentials,,,3.0,100.5,Cash,Online,2024-04-20,True
TXN_4036118,CUST_06,Furniture,,,6.0,228.0,Cash,In-store,2023-01-28,
TXN_3133019,CUST_21,Furniture,,,9.0,139.5,Digital Wallet,Online,2024-01-01,True
TXN_7349203,CUST_13,Butchers,,,9.0,112.5,Cash,In-store,2024-03-08,True
TXN_2911719,CUST_02,Computers and electric accessories,,,4.0,56.0,Cash,Online,2024-06-06,True
TXN_2500042,CUST_13,Computers and electric accessories,,35.0,,,Digital Wallet,Online,2023-04-15,True
TXN_2082664,CUST_06,Beverages,,26.0,,,Digital Wallet,Online,2024-05-30,True
TXN_3988616,CUST_01,Butchers,,38.0,,,Digital Wallet,In-store,2024-09-17,
TXN_7920383,CUST_15,Computers and electric accessories,,,4.0,110.0,Cash,In-store,2023-12-24,True
TXN_5069186,CUST_17,Electric household essentials,,6.5,,,Credit Card,Online,2023-01-10,
TXN_1396754,CUST_18,Milk Products,,,4.0,62.0,Digital Wallet,In-store,2022-05-07,True
TXN_2049510,CUST_20,Beverages,,,1.0,20.0,Digital Wallet,In-store,2024-09-04,False
TXN_4850024,CUST_01,Milk Products,,,1.0,15.5,Cash,Online,2022-09-30,True
TXN_7978551,CUST_20,Beverages,,,9.0,315.0,Digital Wallet,Online,2023-02-12,True
TXN_6126106,CUST_10,Milk Products,,30.5,,,Digital Wallet,Online,2022-08-31,
TXN_5386745,CUST_01,Patisserie,,,8.0,124.0,Credit Card,In-store,2024-01-21,True
TXN_4880929,CUST_20,Butchers,,8.0,,,Digital Wallet,In-store,2023-11-03,True
TXN_9469569,CUST_08,Food,,12.5,,,Digital Wallet,In-store,2023-10-09,
TXN_3745950,CUST_11,Butchers,,,7.0,98.0,Digital Wallet,In-store,2022-08-08,True
TXN_4046056,CUST_09,Electric household essentials,,,5.0,182.5,Credit Card,In-store,2024-02-04,
TXN_9315594,CUST_25,Butchers,,,2.0,46.0,Credit Card,In-store,2024-07-22,False
TXN_8093982,CUST_12,Beverages,,27.5,,,Credit Card,Online,2022-03-11,True
TXN_3954012,CUST_02,Furniture,,12.5,,,Credit Card,In-store,2024-05-29,
TXN_9569469,CUST_08,Beverages,,,8.0,328.0,Digital Wallet,Online,2024-02-12,
TXN_8023340,CUST_14,Butchers,,,8.0,292.0,Cash,Online,2023-10-04,True
TXN_3537865,CUST_21,Milk Products,,32.0,,,Credit Card,Online,2022-11-06,True
TXN_5690221,CUST_06,Food,,,1.0,36.5,Digital Wallet,In-store,2022-10-06,True
TXN_3745490,CUST_01,Computers and electric accessories,,12.5,,,Credit Card,Online,2023-09-04,True
TXN_8433240,CUST_01,Milk Products,,27.5,,,Cash,In-store,2024-03-28,True
TXN_4056456,CUST_08,Electric household essentials,,9.5,,,Digital Wallet,Online,2022-05-23,False
TXN_8624218,CUST_16,Beverages,,,8.0,160.0,Cash,Online,2022-08-03,False
TXN_8531399,CUST_18,Patisserie,,20.0,,,Cash,Online,2024-12-05,True
TXN_4245105,CUST_08,Milk Products,,32.0,,,Cash,In-store,2025-01-09,False
TXN_7869463,CUST_14,Computers and electric accessories,,,8.0,232.0,Credit Card,Online,2023-03-11,False
TXN_2026101,CUST_10,Patisserie,,24.5,,,Cash,In-store,2023-05-14,
TXN_7673556,CUST_10,Milk Products,,27.5,,,Cash,In-store,2024-01-07,True
TXN_1007496,CUST_01,Butchers,,,10.0,155.0,Credit Card,Online,2024-02-05,True
TXN_2092827,CUST_25,Milk Products,,,1.0,30.5,Digital Wallet,Online,2023-10-01,False
TXN_8084251,CUST_16,Electric household essentials,,26.0,,,Digital Wallet,In-store,2024-01-03,
TXN_1818683,CUST_10,Milk Products,,,5.0,25.0,Credit Card,In-store,2022-07-12,
TXN_4887526,CUST_01,Patisserie,,,3.0,19.5,Cash,In-store,2023-03-03,False
TXN_8794900,CUST_18,Computers and electric accessories,,32.0,,,Cash,In-store,2022-11-19,False
TXN_5742371,CUST_18,Food,,9.5,,,Credit Card,In-store,2023-04-25,True
TXN_2292675,CUST_22,Furniture,,,1.0,6.5,Digital Wallet,Online,2024-06-23,
TXN_2584277,CUST_23,Electric household essentials,,33.5,,,Cash,In-store,2024-04-17,True
TXN_2511487,CUST_24,Computers and electric accessories,,,10.0,320.0,Credit Card,Online,2024-01-05,True
TXN_2736863,CUST_13,Milk Products,,38.0,,,Digital Wallet,Online,2024-08-10,True
TXN_1985138,CUST_12,Patisserie,,11.0,,,Digital Wallet,In-store,2023-01-31,False
TXN_2232017,CUST_11,Food,,,8.0,184.0,Cash,In-store,2023-04-18,True
TXN_7663942,CUST_02,Milk Products,,14.0,,,Cash,In-store,2023-02-28,True
TXN_2384950,CUST_08,Computers and electric accessories,,17.0,,,Digital Wallet,Online,2023-01-11,False
TXN_5513567,CUST_06,Computers and electric accessories,,,10.0,185.0,Digital Wallet,Online,2022-10-13,
TXN_3047170,CUST_15,Furniture,,9.5,,,Cash,Online,2025-01-16,True
TXN_5664358,CUST_07,Computers and electric accessories,,,1.0,35.0,Credit Card,Online,2022-01-04,False
TXN_6901057,CUST_16,Beverages,,8.0,,,Credit Card,Online,2024-08-31,
TXN_1505937,CUST_06,Electric household essentials,,,1.0,29.0,Digital Wallet,Online,2023-06-04,False
TXN_4114556,CUST_21,Patisserie,,,3.0,46.5,Cash,Online,2023-02-26,False
TXN_8293398,CUST_19,Patisserie,,20.0,,,Cash,Online,2024-03-29,False
TXN_4877812,CUST_01,Furniture,,39.5,,,Credit Card,In-store,2024-02-15,
TXN_2826965,CUST_06,Computers and electric accessories,,24.5,,,Credit Card,Online,2022-09-12,True
TXN_8233871,CUST_04,Furniture,,,9.0,315.0,Digital Wallet,In-store,2023-07-19,True
TXN_1433054,CUST_13,Butchers,,21.5,,,Cash,Online,2023-01-25,True
TXN_9676475,CUST_19,Computers and electric accessories,,6.5,,,Digital Wallet,In-store,2025-01-17,
TXN_5338814,CUST_06,Milk Products,,,10.0,410.0,Digital Wallet,Online,2023-03-13,False
TXN_1892483,CUST_22,Milk Products,,,9.0,234.0,Cash,Online,2023-08-31,True
TXN_4201299,CUST_09,Food,,9.5,,,Cash,Online,2023-02-16,False
TXN_1943695,CUST_09,Milk Products,,,8.0,256.0,Credit Card,In-store,2023-04-04,False
TXN_3330661,CUST_19,Butchers,,21.5,,,Digital Wallet,In-store,2022-01-09,True
TXN_6609828,CUST_07,Food,,,5.0,40.0,Credit Card,Online,2022-04-06,
TXN_6880511,CUST_20,Butchers,,9.5,,,Credit Card,In-store,2023-03-04,False
TXN_9099328,CUST_12,Electric household essentials,,,10.0,380.0,Digital Wallet,In-store,2023-02-28,
TXN_8006993,CUST_05,Butchers,,,6.0,156.0,Digital Wallet,In-store,2024-09-13,True
TXN_5763933,CUST_07,Patisserie,,24.5,,,Digital Wallet,In-store,2022-11-30,
TXN_1770449,CUST_25,Electric household essentials,,38.0,,,Digital Wallet,In-store,2024-02-01,False
TXN_5047909,CUST_03,Milk Products,,36.5,,,Digital Wallet,Online,2023-09-20,True
TXN_3203228,CUST_09,Milk Products,,,1.0,39.5,Digital Wallet,In-store,2023-01-23,True
TXN_3661483,CUST_02,Butchers,,,4.0,110.0,Cash,In-store,2022-01-20,
TXN_9551621,CUST_16,Electric household essentials,,,4.0,146.0,Credit Card,In-store,2023-03-21,True
TXN_1137542,CUST_21,Electric household essentials,,,1.0,11.0,Credit Card,In-store,2023-06-29,
TXN_6522613,CUST_19,Computers and electric accessories,,21.5,,,Digital Wallet,Online,2023-04-13,True
TXN_4205609,CUST_16,Electric household essentials,,,8.0,280.0,Digital Wallet,In-store,2022-01-28,
TXN_4123109,CUST_24,Beverages,,,2.0,19.0,Digital Wallet,In-store,2025-01-12,True
TXN_2245624,CUST_12,Computers and electric accessories,,,4.0,62.0,Cash,Online,2022-07-10,False
TXN_9506859,CUST_13,Computers and electric accessories,,27.5,,,Cash,In-store,2022-10-28,False
TXN_4028997,CUST_03,Patisserie,,,5.0,122.5,Cash,In-store,2022-04-24,False
TXN_3130278,CUST_01,Computers and electric accessories,,,8.0,304.0,Credit Card,Online,2022-12-23,
TXN_4801214,CUST_06,Food,,36.5,,,Cash,Online,2024-10-17,True
TXN_4144500,CUST_05,Beverages,,29.0,,,Cash,In-store,2024-06-26,
TXN_4640422,CUST_05,Milk Products,,,3.0,60.0,Credit Card,In-store,2023-03-22,True
TXN_5431879,CUST_10,Electric household essentials,,38.0,,,Credit Card,Online,2024-02-14,
TXN_8464397,CUST_09,Food,,24.5,,,Credit Card,In-store,2022-05-18,True
TXN_8757042,CUST_17,Butchers,,36.5,,,Credit Card,Online,2022-11-30,False
TXN_2442204,CUST_13,Milk Products,,,9.0,45.0,Credit Card,Online,2024-07-06,False
TXN_8589807,CUST_21,Patisserie,,6.5,,,Digital Wallet,Online,2022-09-09,
TXN_7675282,CUST_22,Electric household essentials,,26.0,,,Digital Wallet,In-store,2024-03-05,
TXN_4383900,CUST_23,Food,,,1.0,41.0,Cash,Online,2024-07-23,True
TXN_4375011,CUST_19,Butchers,,9.5,,,Credit Card,In-store,2022-01-16,
TXN_2589028,CUST_16,Computers and electric accessories,,,2.0,76.0,Digital Wallet,Online,2022-06-05,True
TXN_3347015,CUST_24,Furniture,,,7.0,266.0,Credit Card,Online,2024-08-25,False
TXN_5012129,CUST_13,Electric household essentials,,12.5,,,Cash,Online,2024-12-04,
TXN_8416846,CUST_15,Beverages,,27.5,,,Cash,Online,2024-05-28,False
TXN_6590458,CUST_21,Beverages,,,2.0,16.0,Cash,In-store,2024-01-29,True
TXN_2434339,CUST_01,Beverages,,,9.0,180.0,Credit Card,Online,2022-05-19,
TXN_5518537,CUST_19,Food,,,1.0,11.0,Cash,In-store,2023-02-08,
TXN_9676576,CUST_25,Furniture,,20.0,,,Digital Wallet,In-store,2023-06-27,
TXN_3729060,CUST_07,Patisserie,,,6.0,228.0,Digital Wallet,Online,2022-07-20,
TXN_1649045,CUST_21,Computers and electric accessories,,21.5,,,Credit Card,Online,2023-01-18,
TXN_3122781,CUST_09,Butchers,,,7.0,108.5,Digital Wallet,In-store,2023-07-21,
TXN_1551058,CUST_14,Food,,33.5,,,Cash,Online,2022-03-16,False
TXN_4118493,CUST_24,Patisserie,,39.5,,,Credit Card,In-store,2022-07-14,False
TXN_6493139,CUST_06,Butchers,,41.0,,,Credit Card,In-store,2024-08-22,False
TXN_3811015,CUST_24,Patisserie,,33.5,,,Cash,Online,2022-02-04,False
TXN_8737677,CUST_24,Butchers,,30.5,,,Cash,In-store,2024-12-06,False
TXN_2810459,CUST_09,Computers and electric accessories,,,1.0,24.5,Cash,In-store,2022-04-19,
TXN_1432445,CUST_01,Food,,,9.0,180.0,Cash,In-store,2023-08-01,
TXN_3813656,CUST_02,Beverages,,,1.0,27.5,Credit Card,In-store,2022-09-01,False
TXN_9291336,CUST_19,Electric household essentials,,,10.0,380.0,Digital Wallet,In-store,2022-12-10,True
TXN_1153995,CUST_03,Electric household essentials,,23.0,,,Credit Card,In-store,2022-02-12,False
TXN_3247249,CUST_10,Milk Products,,,7.0,276.5,Digital Wallet,Online,2023-01-13,
TXN_1005543,CUST_19,Food,,30.5,,,Cash,In-store,2022-12-03,True
TXN_6186202,CUST_14,Patisserie,,18.5,,,Digital Wallet,In-store,2023-02-25,
TXN_4005159,CUST_23,Butchers,,32.0,,,Cash,In-store,2023-07-09,
TXN_6434080,CUST_01,Butchers,,41.0,,,Cash,Online,2022-06-02,False
TXN_3419658,CUST_02,Patisserie,,,9.0,220.5,Digital Wallet,In-store,2023-07-06,
TXN_9957512,CUST_21,Milk Products,,,5.0,160.0,Digital Wallet,Online,2025-01-14,
TXN_3161464,CUST_02,Butchers,,21.5,,,Credit Card,In-store,2022-06-02,True
TXN_9963254,CUST_08,Furniture,,27.5,,,Credit Card,In-store,2024-11-14,True
TXN_7917265,CUST_18,Milk Products,,5.0,,,Cash,In-store,2024-02-18,
TXN_7726623,CUST_11,Beverages,,12.5,,,Credit Card,In-store,2024-12-16,
TXN_9082199,CUST_09,Beverages,,,9.0,220.5,Digital Wallet,In-store,2024-09-02,False
TXN_1130015,CUST_23,Milk Products,,9.5,,,Cash,In-store,2024-03-27,False
TXN_7583557,CUST_14,Milk Products,,9.5,,,Cash,Online,2024-01-04,
TXN_2500072,CUST_23,Food,,41.0,,,Cash,Online,2023-02-24,
TXN_6917746,CUST_05,Computers and electric accessories,,20.0,,,Cash,Online,2022-09-17,
TXN_1882050,CUST_06,Patisserie,,24.5,,,Digital Wallet,In-store,2023-01-28,
TXN_8947708,CUST_04,Butchers,,,2.0,22.0,Cash,In-store,2023-03-20,
TXN_4554250,CUST_23,Furniture,,,6.0,246.0,Credit Card,In-store,2022-10-19,False
TXN_9977844,CUST_18,Patisserie,,36.5,,,Digital Wallet,In-store,2022-12-27,True
TXN_1236974,CUST_01,Beverages,,,8.0,76.0,Cash,Online,2023-04-21,False
TXN_6048384,CUST_07,Butchers,,,4.0,164.0,Cash,Online,2022-05-19,
TXN_9080551,CUST_21,Beverages,,,2.0,28.0,Digital Wallet,Online,2022-07-21,False
TXN_7472400,CUST_16,Patisserie,,12.5,,,Credit Card,In-store,2022-05-14,True
TXN_8373559,CUST_23,Computers and electric accessories,,,3.0,51.0,Digital Wallet,Online,2022-11-19,False
TXN_8935474,CUST_08,Computers and electric accessories,,41.0,,,Credit Card,Online,2024-12-26,False
TXN_2792485,CUST_04,Computers and electric accessories,,6.5,,,Digital Wallet,In-store,2022-08-09,
TXN_6688533,CUST_16,Computers and electric accessories,,,1.0,35.0,Digital Wallet,Online,2023-11-09,
TXN_1777313,CUST_07,Milk Products,,15.5,,,Credit Card,Online,2025-01-18,False
TXN_3894802,CUST_08,Beverages,,32.0,,,Digital Wallet,In-store,2023-04-10,False
TXN_5601162,CUST_22,Computers and electric accessories,,,1.0,26.0,Cash,In-store,2022-01-26,True
TXN_5807928,CUST_08,Butchers,,,9.0,180.0,Cash,Online,2024-11-08,True
TXN_3748574,CUST_17,Milk Products,,,5.0,152.5,Credit Card,Online,2022-03-30,False
TXN_9224464,CUST_12,Computers and electric accessories,,11.0,,,Credit Card,Online,2024-05-04,
TXN_4602911,CUST_13,Milk Products,,,7.0,56.0,Credit Card,In-store,2023-07-17,False
TXN_2848709,CUST_23,Beverages,,,10.0,350.0,Credit Card,Online,2022-07-31,
TXN_2850753,CUST_16,Patisserie,,,4.0,128.0,Cash,In-store,2024-01-10,
TXN_3489467,CUST_23,Computers and electric accessories,,,7.0,150.5,Credit Card,In-store,2023-10-15,True
TXN_3909836,CUST_14,Patisserie,,15.5,,,Credit Card,In-store,2023-03-02,False
TXN_3838434,CUST_13,Food,,17.0,,,Cash,Online,2022-01-26,
TXN_2756540,CUST_21,Milk Products,,,1.0,27.5,Credit Card,Online,2023-05-09,True
TXN_5599747,CUST_19,Patisserie,,11.0,,,Credit Card,Online,2022-05-15,True
TXN_4279575,CUST_18,Furniture,,33.5,,,Digital Wallet,In-store,2024-09-25,False
TXN_9102221,CUST_13,Furniture,,,2.0,76.0,Digital Wallet,In-store,2023-02-13,
TXN_5895413,CUST_21,Patisserie,,,2.0,67.0,Digital Wallet,In-store,2024-04-29,
TXN_7982451,CUST_22,Food,,,8.0,172.0,Digital Wallet,Online,2023-10-18,True
TXN_2904039,CUST_22,Butchers,,,4.0,152.0,Credit Card,Online,2023-08-11,
TXN_1041483,CUST_19,Electric household essentials,,15.5,,,Cash,In-store,2024-03-19,
TXN_2522970,CUST_18,Electric household essentials,,,6.0,192.0,Digital Wallet,In-store,2024-04-25,False
TXN_8717697,CUST_20,Furniture,,,6.0,120.0,Cash,In-store,2024-05-21,False
TXN_4800229,CUST_01,Food,,12.5,,,Credit Card,In-store,2024-06-06,False
TXN_9430988,CUST_13,Milk Products,,36.5,,,Cash,In-store,2024-05-31,True
TXN_3122188,CUST_24,Food,,21.5,,,Credit Card,Online,2023-02-25,
TXN_9818603,CUST_05,Computers and electric accessories,,8.0,,,Credit Card,In-store,2023-07-20,
TXN_5650070,CUST_21,Beverages,,,6.0,165.0,Cash,In-store,2022-07-11,True
TXN_1609763,CUST_25,Electric household essentials,,36.5,,,Credit Card,Online,2023-03-23,False
TXN_1491657,CUST_07,Beverages,,5.0,,,Cash,Online,2022-09-26,True
TXN_8635339,CUST_09,Milk Products,,11.0,,,Credit Card,In-store,2024-10-31,False
TXN_6328369,CUST_12,Food,,6.5,,,Credit Card,Online,2024-03-18,
TXN_8087160,CUST_08,Butchers,,,5.0,152.5,Cash,Online,2024-01-26,
TXN_6254334,CUST_23,Butchers,,32.0,,,Digital Wallet,Online,2022-03-29,
TXN_7581231,CUST_18,Milk Products,,14.0,,,Credit Card,In-store,2024-12-09,
TXN_5773308,CUST_07,Furniture,,,5.0,85.0,Credit Card,Online,2024-01-01,True
TXN_3462517,CUST_01,Patisserie,,9.5,,,Credit Card,In-store,2024-02-01,
TXN_5802934,CUST_23,Milk Products,,,9.0,288.0,Cash,Online,2022-01-25,True
TXN_8048579,CUST_23,Furniture,,21.5,,,Cash,Online,2023-03-28,True
TXN_6664172,CUST_21,Food,,23.0,,,Digital Wallet,Online,2023-03-01,
TXN_3214105,CUST_23,Furniture,,,9.0,112.5,Digital Wallet,Online,2024-07-05,True
TXN_6702252,CUST_23,Food,,,4.0,122.0,Digital Wallet,Online,2024-09-11,False
TXN_6600756,CUST_18,Food,,,7.0,171.5,Cash,In-store,2023-05-19,
TXN_3216751,CUST_17,Patisserie,,,10.0,290.0,Cash,In-store,2024-03-10,False
TXN_5965620,CUST_23,Furniture,,,4.0,44.0,Credit Card,In-store,2022-06-13,False
TXN_2823143,CUST_02,Butchers,,38.0,,,Credit Card,In-store,2023-09-21,True
TXN_1482356,CUST_01,Patisserie,,,7.0,119.0,Digital Wallet,In-store,2022-10-24,
TXN_5730630,CUST_25,Milk Products,,,5.0,32.5,Digital Wallet,In-store,2023-12-04,True
TXN_9438432,CUST_04,Electric household essentials,,,2.0,34.0,Digital Wallet,Online,2024-06-26,False
TXN_1972506,CUST_09,Computers and electric accessories,,,8.0,100.0,Cash,Online,2024-12-14,
TXN_5789870,CUST_23,Butchers,,,6.0,156.0,Credit Card,In-store,2023-11-23,False
TXN_9900913,CUST_25,Patisserie,,27.5,,,Cash,In-store,2023-11-15,
TXN_8171410,CUST_18,Electric household essentials,,,8.0,148.0,Digital Wallet,In-store,2023-12-21,False
TXN_3543537,CUST_07,Milk Products,,33.5,,,Cash,Online,2024-01-11,True
TXN_7984930,CUST_23,Food,,,9.0,112.5,Cash,In-store,2022-09-01,True
TXN_6159311,CUST_02,Beverages,,41.0,,,Cash,In-store,2024-10-18,False
TXN_1671487,CUST_22,Electric household essentials,,33.5,,,Digital Wallet,In-store,2023-12-03,False
TXN_4182653,CUST_01,Electric household essentials,,38.0,,,Cash,In-store,2023-05-10,True
TXN_4783696,CUST_13,Furniture,,41.0,,,Cash,In-store,2022-10-26,
TXN_9648976,CUST_09,Food,,,9.0,301.5,Cash,In-store,2024-09-26,False
TXN_1208768,CUST_24,Beverages,,,2.0,28.0,Cash,Online,2023-02-28,
TXN_9835299,CUST_04,Electric household essentials,,,2.0,46.0,Digital Wallet,In-store,2022-11-12,
TXN_4071141,CUST_11,Food,,33.5,,,Cash,In-store,2024-12-13,False
TXN_4041690,CUST_24,Electric household essentials,,11.0,,,Credit Card,Online,2022-07-02,False
TXN_5101986,CUST_15,Beverages,,24.5,,,Cash,In-store,2024-06-16,
TXN_3435432,CUST_14,Electric household essentials,,,7.0,150.5,Digital Wallet,Online,2022-07-14,
TXN_2532729,CUST_17,Beverages,,14.0,,,Cash,In-store,2022-08-10,True
TXN_4658659,CUST_12,Food,,24.5,,,Digital Wallet,In-store,2024-07-30,False
TXN_2090388,CUST_10,Patisserie,,,7.0,255.5,Digital Wallet,In-store,2023-11-26,True
TXN_4593029,CUST_07,Milk Products,,20.0,,,Digital Wallet,In-store,2024-05-14,False
TXN_8883231,CUST_04,Computers and electric accessories,,32.0,,,Cash,Online,2024-12-12,True
TXN_6842216,CUST_10,Butchers,,,6.0,219.0,Cash,Online,2022-01-25,False
TXN_9619283,CUST_01,Butchers,,35.0,,,Credit Card,Online,2022-12-11,
TXN_9896915,CUST_22,Beverages,,,7.0,45.5,Digital Wallet,In-store,2024-04-29,False
TXN_7084750,CUST_25,Food,,21.5,,,Digital Wallet,In-store,2022-07-20,True
TXN_8882076,CUST_25,Computers and electric accessories,,27.5,,,Cash,Online,2022-03-31,True
TXN_1220541,CUST_21,Food,,35.0,,,Digital Wallet,In-store,2023-12-03,False
TXN_6106136,CUST_07,Furniture,,,9.0,58.5,Credit Card,In-store,2024-02-03,False
TXN_4567294,CUST_21,Patisserie,,21.5,,,Digital Wallet,Online,2022-03-28,False
TXN_2514543,CUST_20,Patisserie,,9.5,,,Digital Wallet,In-store,2022-06-08,
TXN_4246606,CUST_02,Food,,,7.0,203.0,Credit Card,Online,2023-10-24,False
TXN_6206996,CUST_23,Computers and electric accessories,,21.5,,,Credit Card,Online,2022-01-31,False
TXN_8127777,CUST_14,Patisserie,,33.5,,,Digital Wallet,In-store,2023-02-27,
TXN_4344596,CUST_17,Patisserie,,29.0,,,Credit Card,Online,2024-04-03,False
TXN_5728541,CUST_12,Furniture,,15.5,,,Cash,Online,2022-01-27,
TXN_9345275,CUST_09,Patisserie,,,5.0,190.0,Cash,Online,2024-10-20,False
TXN_2324094,CUST_18,Computers and electric accessories,,11.0,,,Credit Card,In-store,2024-12-07,
TXN_2306040,CUST_08,Electric household essentials,,,8.0,88.0,Cash,Online,2023-11-27,True
TXN_7924859,CUST_12,Electric household essentials,,,3.0,109.5,Digital Wallet,In-store,2023-08-18,
TXN_2788067,CUST_17,Electric household essentials,,35.0,,,Cash,In-store,2022-08-23,False
TXN_7433742,CUST_12,Electric household essentials,,,5.0,77.5,Digital Wallet,Online,2023-09-09,True
TXN_7513847,CUST_07,Computers and electric accessories,,,2.0,31.0,Digital Wallet,Online,2023-03-06,True
TXN_8699307,CUST_09,Food,,,10.0,245.0,Credit Card,In-store,2022-06-11,True
TXN_1212399,CUST_05,Beverages,,,8.0,112.0,Digital Wallet,Online,2024-01-17,True
TXN_4517752,CUST_05,Beverages,,,6.0,246.0,Digital Wallet,In-store,2022-07-21,
TXN_7354091,CUST_22,Patisserie,,20.0,,,Digital Wallet,In-store,2024-04-28,True
TXN_8697140,CUST_03,Beverages,,21.5,,,Digital Wallet,Online,2022-11-08,True
TXN_5311325,CUST_05,Computers and electric accessories,,24.5,,,Credit Card,In-store,2022-08-28,
TXN_9646389,CUST_22,Beverages,,27.5,,,Credit Card,In-store,2022-02-17,True
TXN_5141030,CUST_11,Computers and electric accessories,,,9.0,126.0,Cash,In-store,2023-11-20,True
TXN_1402550,CUST_15,Patisserie,,29.0,,,Credit Card,Online,2024-05-01,False
TXN_9434303,CUST_15,Food,,,6.0,57.0,Digital Wallet,In-store,2023-09-30,True
TXN_6739031,CUST_14,Butchers,,6.5,,,Digital Wallet,In-store,2022-04-04,
TXN_3434264,CUST_07,Butchers,,,5.0,167.5,Digital Wallet,Online,2023-07-11,
TXN_5458562,CUST_21,Computers and electric accessories,,,6.0,129.0,Digital Wallet,In-store,2024-05-23,
TXN_5984083,CUST_20,Computers and electric accessories,,,6.0,84.0,Credit Card,In-store,2023-03-07,True
TXN_5944536,CUST_02,Beverages,,,9.0,193.5,Credit Card,In-store,2024-04-02,False
TXN_9017801,CUST_06,Milk Products,,36.5,,,Credit Card,Online,2022-01-29,
TXN_5017130,CUST_08,Food,,,5.0,107.5,Credit Card,In-store,2024-04-01,False
TXN_7783626,CUST_13,Computers and electric accessories,,5.0,,,Cash,Online,2022-07-13,
TXN_4443574,CUST_08,Butchers,,23.0,,,Digital Wallet,Online,2024-01-08,False
TXN_4024714,CUST_13,Food,,30.5,,,Credit Card,Online,2024-04-10,True
TXN_3882852,CUST_07,Milk Products,,,2.0,28.0,Digital Wallet,In-store,2023-02-24,True
TXN_8595871,CUST_12,Butchers,,36.5,,,Credit Card,Online,2023-06-20,
TXN_5102434,CUST_10,Beverages,,21.5,,,Credit Card,Online,2024-01-06,False
TXN_6834397,CUST_09,Butchers,,,9.0,301.5,Cash,Online,2022-09-29,
TXN_6981473,CUST_17,Beverages,,21.5,,,Cash,In-store,2022-01-23,True
TXN_8890563,CUST_03,Food,,,10.0,80.0,Credit Card,Online,2022-05-26,False
TXN_7346385,CUST_10,Patisserie,,,4.0,62.0,Digital Wallet,Online,2024-11-30,False
TXN_6034757,CUST_07,Food,,,7.0,234.5,Cash,In-store,2023-09-27,False
TXN_5498271,CUST_17,Computers and electric accessories,,20.0,,,Digital Wallet,In-store,2024-01-25,
TXN_9493702,CUST_06,Computers and electric accessories,,,6.0,210.0,Cash,Online,2023-09-14,
TXN_6663420,CUST_21,Food,,,7.0,287.0,Credit Card,In-store,2023-06-12,True
TXN_3038270,CUST_18,Milk Products,,,10.0,65.0,Digital Wallet,Online,2023-09-24,False
TXN_5103418,CUST_02,Patisserie,,9.5,,,Digital Wallet,Online,2023-10-24,True
TXN_9276432,CUST_13,Butchers,,21.5,,,Credit Card,In-store,2022-01-14,
TXN_5162382,CUST_24,Electric household essentials,,15.5,,,Digital Wallet,Online,2023-08-26,
TXN_8868085,CUST_19,Furniture,,8.0,,,Credit Card,Online,2024-03-07,False
TXN_1539411,CUST_07,Beverages,,9.5,,,Cash,In-store,2024-08-08,
TXN_2201759,CUST_15,Butchers,,,2.0,70.0,Cash,In-store,2023-11-15,
TXN_3087440,CUST_10,Milk Products,,,7.0,203.0,Cash,Online,2024-06-11,
TXN_6508162,CUST_06,Beverages,,,2.0,79.0,Credit Card,In-store,2024-05-08,
TXN_7133661,CUST_16,Butchers,,11.0,,,Cash,In-store,2024-01-03,
TXN_1495462,CUST_25,Milk Products,,,7.0,98.0,Credit Card,In-store,2022-12-17,True
TXN_1532460,CUST_09,Furniture,,29.0,,,Digital Wallet,Online,2023-05-06,True
TXN_5509504,CUST_02,Furniture,,,4.0,74.0,Digital Wallet,Online,2023-06-20,True
TXN_3379956,CUST_15,Computers and electric accessories,,33.5,,,Cash,In-store,2022-02-15,True
TXN_1442308,CUST_11,Electric household essentials,,32.0,,,Cash,Online,2024-01-31,
TXN_1495602,CUST_17,Patisserie,,,10.0,245.0,Digital Wallet,In-store,2024-12-27,
TXN_7785972,CUST_04,Furniture,,24.5,,,Cash,In-store,2022-12-15,
TXN_4187431,CUST_23,Electric household essentials,,18.5,,,Digital Wallet,In-store,2022-05-18,False
TXN_6432290,CUST_17,Food,,,5.0,85.0,Cash,Online,2024-09-25,
TXN_6383890,CUST_10,Butchers,,,3.0,105.0,Credit Card,Online,2023-07-26,True
TXN_3415090,CUST_04,Electric household essentials,,35.0,,,Digital Wallet,In-store,2023-01-20,False
TXN_5020561,CUST_14,Beverages,,17.0,,,Cash,In-store,2024-03-07,False
TXN_1945001,CUST_19,Beverages,,8.0,,,Credit Card,In-store,2022-06-27,False
TXN_6530143,CUST_17,Butchers,,,6.0,48.0,Digital Wallet,Online,2023-10-12,
TXN_1772473,CUST_02,Milk Products,,,2.0,19.0,Credit Card,Online,2023-03-26,
TXN_8209444,CUST_10,Computers and electric accessories,,,2.0,37.0,Cash,In-store,2024-10-31,True
TXN_6772439,CUST_23,Butchers,,,4.0,164.0,Cash,Online,2023-10-15,False
TXN_3841567,CUST_24,Electric household essentials,,,8.0,124.0,Cash,In-store,2022-10-28,False
TXN_6434099,CUST_25,Patisserie,,36.5,,,Cash,Online,2024-08-08,
TXN_2758823,CUST_17,Patisserie,,,9.0,126.0,Digital Wallet,In-store,2024-01-06,
TXN_6566133,CUST_04,Butchers,,,9.0,126.0,Credit Card,In-store,2022-07-27,True
TXN_2118875,CUST_12,Patisserie,,8.0,,,Digital Wallet,In-store,2023-07-13,
TXN_4563119,CUST_06,Computers and electric accessories,,,8.0,100.0,Cash,Online,2023-01-03,True
TXN_5041305,CUST_07,Butchers,,38.0,,,Digital Wallet,Online,2024-11-29,
TXN_3800420,CUST_20,Electric household essentials,,24.5,,,Cash,In-store,2023-12-14,False
TXN_9221528,CUST_22,Beverages,,,6.0,84.0,Credit Card,Online,2024-06-11,False
TXN_5280917,CUST_20,Furniture,,5.0,,,Credit Card,In-store,2022-05-23,
TXN_5202455,CUST_09,Patisserie,,,1.0,26.0,Cash,Online,2022-05-22,False
TXN_1574191,CUST_15,Beverages,,35.0,,,Digital Wallet,Online,2024-02-24,False
TXN_4761736,CUST_12,Butchers,,,4.0,92.0,Digital Wallet,Online,2022-04-22,False
TXN_6615635,CUST_22,Furniture,,20.0,,,Credit Card,Online,2023-03-20,
TXN_9012548,CUST_23,Butchers,,15.5,,,Credit Card,In-store,2023-11-28,False
TXN_9224310,CUST_03,Computers and electric accessories,,11.0,,,Credit Card,Online,2023-11-21,True
TXN_2364390,CUST_23,Milk Products,,,6.0,84.0,Credit Card,Online,2023-01-31,
TXN_6130668,CUST_22,Electric household essentials,,27.5,,,Cash,In-store,2022-01-19,True
TXN_9035158,CUST_17,Computers and electric accessories,,,2.0,22.0,Digital Wallet,In-store,2022-07-28,False
TXN_3174034,CUST_10,Milk Products,,,10.0,140.0,Digital Wallet,In-store,2022-08-11,False
TXN_9758083,CUST_05,Milk Products,,,7.0,87.5,Cash,Online,2022-08-11,False
TXN_1563614,CUST_11,Butchers,,,5.0,25.0,Credit Card,Online,2022-01-13,True
TXN_4797230,CUST_20,Electric household essentials,,21.5,,,Credit Card,In-store,2023-08-01,True
TXN_6958546,CUST_16,Milk Products,,,2.0,13.0,Cash,In-store,2023-11-08,
TXN_7312497,CUST_18,Beverages,,14.0,,,Cash,In-store,2024-08-23,True
TXN_3096679,CUST_20,Beverages,,9.5,,,Digital Wallet,Online,2022-09-17,True
TXN_2596013,CUST_17,Beverages,,,4.0,110.0,Digital Wallet,Online,2022-01-16,
TXN_4219023,CUST_06,Butchers,,27.5,,,Digital Wallet,In-store,2024-01-04,
TXN_8390000,CUST_07,Patisserie,,36.5,,,Cash,In-store,2022-11-09,
TXN_3450894,CUST_03,Furniture,,35.0,,,Credit Card,In-store,2022-11-25,
TXN_9580803,CUST_14,Computers and electric accessories,,,5.0,115.0,Cash,In-store,2023-07-13,
TXN_5125110,CUST_09,Patisserie,,21.5,,,Digital Wallet,In-store,2024-08-13,False
TXN_9938912,CUST_07,Butchers,,,1.0,21.5,Cash,Online,2023-07-23,False
TXN_3661385,CUST_25,Butchers,,33.5,,,Digital Wallet,In-store,2024-09-21,True
TXN_6979277,CUST_13,Computers and electric accessories,,18.5,,,Digital Wallet,Online,2024-05-16,False
TXN_7773278,CUST_11,Electric household essentials,,38.0,,,Cash,Online,2024-05-25,
TXN_8823017,CUST_06,Electric household essentials,,,10.0,320.0,Digital Wallet,Online,2023-04-10,
TXN_4929314,CUST_24,Electric household essentials,,23.0,,,Digital Wallet,Online,2022-11-13,
TXN_4837386,CUST_09,Computers and electric accessories,,,4.0,74.0,Cash,Online,2022-01-10,False
TXN_7780832,CUST_04,Computers and electric accessories,,20.0,,,Cash,In-store,2024-06-14,
TXN_4284755,CUST_07,Milk Products,,,4.0,92.0,Cash,Online,2024-10-13,False
TXN_6233782,CUST_14,Butchers,,17.0,,,Digital Wallet,Online,2022-02-14,True
TXN_1187836,CUST_01,Computers and electric accessories,,38.0,,,Digital Wallet,In-store,2022-12-20,False
TXN_1199916,CUST_21,Furniture,,6.5,,,Digital Wallet,In-store,2022-06-25,
TXN_5863318,CUST_18,Butchers,,,3.0,100.5,Digital Wallet,In-store,2022-04-09,False
TXN_6682588,CUST_02,Furniture,,39.5,,,Cash,In-store,2022-03-06,
TXN_7564225,CUST_18,Food,,21.5,,,Digital Wallet,In-store,2024-11-09,True
TXN_1136695,CUST_18,Food,,,8.0,76.0,Digital Wallet,In-store,2024-03-24,True
TXN_3928142,CUST_01,Furniture,,35.0,,,Credit Card,In-store,2025-01-05,
TXN_3853013,CUST_04,Beverages,,35.0,,,Cash,Online,2023-07-28,True
TXN_5171717,CUST_05,Patisserie,,,6.0,48.0,Credit Card,Online,2023-06-19,True
TXN_3586844,CUST_13,Patisserie,,,4.0,32.0,Cash,In-store,2024-11-05,True
TXN_1864016,CUST_08,Furniture,,26.0,,,Credit Card,In-store,2024-03-15,True
TXN_4288227,CUST_08,Butchers,,,8.0,292.0,Cash,Online,2024-12-11,True
TXN_6823305,CUST_20,Patisserie,,,9.0,342.0,Credit Card,Online,2023-05-25,False
TXN_4271313,CUST_12,Patisserie,,17.0,,,Cash,Online,2024-12-09,False
TXN_8100199,CUST_01,Butchers,,38.0,,,Credit Card,Online,2023-11-27,
TXN_3244419,CUST_16,Food,,18.5,,,Cash,In-store,2022-12-12,True
TXN_6376468,CUST_24,Furniture,,,3.0,105.0,Cash,In-store,2023-06-05,False
TXN_5087206,CUST_21,Computers and electric accessories,,17.0,,,Digital Wallet,Online,2022-10-21,False
TXN_2765031,CUST_17,Food,,,5.0,205.0,Digital Wallet,Online,2024-11-08,True
TXN_1791231,CUST_16,Furniture,,,5.0,55.0,Credit Card,Online,2024-04-21,False
TXN_5960598,CUST_08,Computers and electric accessories,,6.5,,,Digital Wallet,Online,2023-06-07,False
TXN_6556712,CUST_15,Milk Products,,20.0,,,Cash,In-store,2024-04-22,
TXN_9517045,CUST_09,Electric household essentials,,17.0,,,Digital Wallet,Online,2023-05-20,
TXN_4052796,CUST_20,Furniture,,33.5,,,Credit Card,In-store,2023-08-14,
TXN_4206470,CUST_05,Electric household essentials,,23.0,,,Cash,In-store,2024-06-28,
TXN_2913442,CUST_05,Butchers,,8.0,,,Cash,Online,2023-12-05,True
TXN_4525178,CUST_12,Patisserie,,,7.0,203.0,Credit Card,In-store,2022-09-18,True
TXN_8514486,CUST_06,Computers and electric accessories,,,8.0,112.0,Digital Wallet,In-store,2023-02-23,
TXN_1505264,CUST_11,Beverages,,,4.0,86.0,Cash,In-store,2024-01-30,False
TXN_5416741,CUST_13,Computers and electric accessories,,8.0,,,Credit Card,Online,2022-02-02,False
TXN_4591527,CUST_01,Computers and electric accessories,,38.0,,,Digital Wallet,Online,2022-02-03,False
TXN_6179863,CUST_02,Butchers,,30.5,,,Credit Card,In-store,2023-10-29,
TXN_6024315,CUST_18,Patisserie,,,3.0,118.5,Credit Card,Online,2022-06-25,False
TXN_9799191,CUST_11,Butchers,,,9.0,207.0,Cash,Online,2023-10-19,True
TXN_7966995,CUST_14,Computers and electric accessories,,,8.0,256.0,Digital Wallet,Online,2023-03-24,False
TXN_5534368,CUST_09,Milk Products,,,6.0,138.0,Credit Card,In-store,2022-04-14,False
TXN_3077115,CUST_10,Furniture,,41.0,,,Digital Wallet,Online,2024-07-10,False
TXN_3389252,CUST_18,Milk Products,,,5.0,70.0,Credit Card,In-store,2022-10-26,
TXN_8284459,CUST_20,Food,,9.5,,,Credit Card,In-store,2022-07-03,True
TXN_9403595,CUST_11,Milk Products,,5.0,,,Cash,In-store,2023-12-12,False
TXN_1991377,CUST_16,Food,,,7.0,171.5,Cash,Online,2024-11-23,False
TXN_1415403,CUST_22,Patisserie,,29.0,,,Credit Card,Online,2022-08-23,False
TXN_6197590,CUST_10,Beverages,,,7.0,150.5,Credit Card,Online,2022-08-15,True
TXN_3119110,CUST_22,Food,,,8.0,88.0,Cash,Online,2024-04-30,False
TXN_5172318,CUST_20,Beverages,,21.5,,,Credit Card,Online,2024-11-11,
TXN_2733918,CUST_25,Food,,35.0,,,Cash,Online,2024-10-28,
TXN_7061960,CUST_12,Patisserie,,23.0,,,Digital Wallet,Online,2022-12-26,False
TXN_6876674,CUST_10,Food,,30.5,,,Credit Card,Online,2024-05-14,True
TXN_4681123,CUST_14,Food,,,4.0,80.0,Credit Card,Online,2024-11-30,False
TXN_7535814,CUST_05,Butchers,,38.0,,,Credit Card,In-store,2022-12-03,True
TXN_4341401,CUST_18,Electric household essentials,,18.5,,,Digital Wallet,In-store,2023-04-09,True
TXN_8539518,CUST_24,Computers and electric accessories,,,8.0,184.0,Cash,Online,2022-03-31,False
TXN_5238973,CUST_06,Electric household essentials,,38.0,,,Digital Wallet,Online,2023-02-06,False
TXN_1095879,CUST_15,Beverages,,,10.0,65.0,Digital Wallet,In-store,2023-02-04,True
TXN_2201869,CUST_03,Beverages,,,9.0,193.5,Digital Wallet,In-store,2022-07-26,True
TXN_1518090,CUST_15,Milk Products,,,4.0,116.0,Credit Card,Online,2022-03-06,
TXN_3071219,CUST_07,Computers and electric accessories,,36.5,,,Credit Card,Online,2024-10-28,True
TXN_3782741,CUST_15,Electric household essentials,,,4.0,152.0,Digital Wallet,In-store,2024-11-24,True
TXN_8101070,CUST_09,Milk Products,,,9.0,328.5,Credit Card,Online,2024-01-26,False
TXN_2831627,CUST_06,Computers and electric accessories,,6.5,,,Digital Wallet,In-store,2022-06-09,
TXN_7623526,CUST_17,Computers and electric accessories,,23.0,,,Digital Wallet,Online,2024-03-07,
TXN_7357090,CUST_09,Food,,33.5,,,Cash,In-store,2022-12-12,
TXN_4429872,CUST_03,Butchers,,,10.0,110.0,Credit Card,In-store,2024-01-27,True
TXN_6837467,CUST_06,Butchers,,35.0,,,Digital Wallet,Online,2022-10-01,False
TXN_8283688,CUST_08,Electric household essentials,,29.0,,,Digital Wallet,In-store,2023-06-04,True
TXN_9164821,CUST_24,Food,,9.5,,,Cash,Online,2024-11-17,
TXN_2387612,CUST_08,Milk Products,,,5.0,152.5,Credit Card,Online,2024-12-24,False
TXN_7498795,CUST_10,Furniture,,9.5,,,Digital Wallet,In-store,2025-01-10,
TXN_8279458,CUST_01,Beverages,,,2.0,61.0,Credit Card,Online,2022-07-03,True
TXN_6172206,CUST_16,Beverages,,17.0,,,Digital Wallet,In-store,2024-04-24,True
TXN_4317033,CUST_06,Electric household essentials,,,6.0,246.0,Digital Wallet,In-store,2023-05-17,True
TXN_2745229,CUST_22,Milk Products,,,8.0,100.0,Credit Card,Online,2024-12-10,
TXN_3855536,CUST_04,Computers and electric accessories,,,10.0,410.0,Credit Card,In-store,2024-09-27,True
TXN_8494360,CUST_04,Patisserie,,,2.0,52.0,Credit Card,Online,2024-09-27,
TXN_9580748,CUST_08,Food,,,5.0,152.5,Credit Card,Online,2023-06-28,False
TXN_2257428,CUST_13,Milk Products,,35.0,,,Cash,In-store,2024-05-16,False
TXN_1996371,CUST_10,Milk Products,,,2.0,64.0,Credit Card,In-store,2022-01-19,True
TXN_5475355,CUST_02,Electric household essentials,,,6.0,246.0,Credit Card,Online,2024-01-08,False
TXN_3681383,CUST_04,Electric household essentials,,,5.0,205.0,Digital Wallet,In-store,2023-05-18,True
TXN_4355077,CUST_24,Food,,,5.0,145.0,Cash,In-store,2023-02-24,
TXN_2633599,CUST_10,Computers and electric accessories,,,8.0,52.0,Cash,Online,2024-01-16,True
TXN_7583357,CUST_01,Electric household essentials,,,4.0,92.0,Digital Wallet,Online,2024-01-01,True
TXN_8683777,CUST_03,Electric household essentials,,,2.0,61.0,Digital Wallet,Online,2023-07-05,True
TXN_7820167,CUST_16,Milk Products,,9.5,,,Credit Card,In-store,2023-11-21,True
TXN_5328564,CUST_19,Milk Products,,35.0,,,Credit Card,Online,2024-09-13,True
TXN_6269570,CUST_25,Computers and electric accessories,,,6.0,129.0,Digital Wallet,Online,2024-03-10,True
TXN_3598978,CUST_17,Butchers,,41.0,,,Cash,Online,2023-10-24,True
TXN_6717536,CUST_20,Beverages,,24.5,,,Credit Card,Online,2022-07-01,
TXN_8249416,CUST_04,Beverages,,20.0,,,Cash,Online,2022-03-27,
TXN_5780655,CUST_11,Beverages,,,5.0,145.0,Credit Card,Online,2024-11-12,
TXN_7375053,CUST_04,Computers and electric accessories,,,1.0,26.0,Digital Wallet,Online,2022-11-27,
TXN_2165479,CUST_11,Electric household essentials,,36.5,,,Digital Wallet,Online,2024-06-08,True
TXN_9620236,CUST_09,Beverages,,33.5,,,Credit Card,Online,2024-09-16,False
TXN_5266941,CUST_03,Patisserie,,9.5,,,Digital Wallet,Online,2024-04-05,True
TXN_6397507,CUST_22,Patisserie,,,8.0,316.0,Credit Card,In-store,2022-08-26,
TXN_9418439,CUST_23,Food,,,5.0,122.5,Credit Card,Online,2022-03-06,False
TXN_6862565,CUST_19,Electric household essentials,,,2.0,67.0,Digital Wallet,Online,2024-09-01,
TXN_1255913,CUST_21,Patisserie,,,1.0,38.0,Digital Wallet,Online,2024-01-18,False
TXN_4891833,CUST_03,Computers and electric accessories,,29.0,,,Cash,Online,2023-02-25,False
TXN_3396886,CUST_12,Milk Products,,,4.0,110.0,Credit Card,In-store,2022-01-18,
TXN_2360216,CUST_07,Food,,41.0,,,Digital Wallet,In-store,2022-06-01,
TXN_6462918,CUST_07,Electric household essentials,,,7.0,87.5,Digital Wallet,In-store,2024-04-15,True
TXN_9247444,CUST_21,Patisserie,,11.0,,,Digital Wallet,In-store,2022-03-20,False
TXN_7478827,CUST_07,Milk Products,,6.5,,,Digital Wallet,In-store,2022-11-09,True
TXN_8404647,CUST_10,Food,,20.0,,,Credit Card,Online,2024-05-14,True
TXN_7117073,CUST_18,Beverages,,,6.0,93.0,Digital Wallet,Online,2023-12-07,True
TXN_5310579,CUST_18,Furniture,,,10.0,185.0,Digital Wallet,In-store,2024-07-02,
TXN_2168603,CUST_16,Electric household essentials,,,2.0,22.0,Digital Wallet,In-store,2023-07-23,True
TXN_5916658,CUST_11,Milk Products,,,2.0,58.0,Digital Wallet,In-store,2024-05-11,False
TXN_2491501,CUST_06,Beverages,,6.5,,,Cash,In-store,2022-05-04,True
TXN_6381262,CUST_05,Electric household essentials,,,8.0,268.0,Cash,Online,2024-06-05,True
TXN_9077055,CUST_25,Food,,18.5,,,Digital Wallet,In-store,2023-05-15,True
TXN_4130110,CUST_20,Butchers,,,4.0,92.0,Digital Wallet,In-store,2023-05-14,
TXN_2537913,CUST_08,Butchers,,23.0,,,Cash,Online,2023-03-25,False
TXN_2901672,CUST_23,Milk Products,,27.5,,,Cash,In-store,2024-06-01,
TXN_3281825,CUST_17,Beverages,,38.0,,,Credit Card,Online,2022-01-29,
TXN_3652632,CUST_08,Milk Products,,9.5,,,Credit Card,In-store,2024-08-16,True
TXN_8364453,CUST_08,Butchers,,,3.0,109.5,Cash,Online,2023-02-28,True
TXN_5596069,CUST_08,Electric household essentials,,,6.0,75.0,Cash,Online,2024-06-04,False
TXN_1505827,CUST_13,Computers and electric accessories,,,3.0,109.5,Digital Wallet,Online,2025-01-18,
TXN_4181548,CUST_02,Furniture,,,9.0,58.5,Cash,In-store,2023-03-19,True
TXN_2894776,CUST_14,Electric household essentials,,,3.0,109.5,Cash,In-store,2023-07-05,True
TXN_8630147,CUST_11,Furniture,,,10.0,200.0,Cash,In-store,2024-02-28,True
TXN_6412787,CUST_11,Patisserie,,,2.0,43.0,Digital Wallet,Online,2023-04-06,False
TXN_6179719,CUST_08,Computers and electric accessories,,,4.0,50.0,Digital Wallet,In-store,2022-03-29,False
TXN_1228408,CUST_01,Patisserie,,41.0,,,Cash,Online,2023-12-19,
TXN_2773543,CUST_07,Furniture,,,10.0,320.0,Cash,Online,2023-01-22,
TXN_7323366,CUST_23,Patisserie,,23.0,,,Credit Card,In-store,2022-11-04,False
TXN_7710993,CUST_17,Patisserie,,,1.0,24.5,Digital Wallet,In-store,2023-10-23,True
TXN_6027222,CUST_18,Food,,,2.0,82.0,Digital Wallet,In-store,2024-06-10,False
TXN_6720124,CUST_09,Computers and electric accessories,,,8.0,196.0,Digital Wallet,In-store,2022-07-19,False
TXN_4379762,CUST_17,Butchers,,,6.0,228.0,Credit Card,Online,2024-08-06,True
TXN_8074211,CUST_18,Milk Products,,29.0,,,Cash,In-store,2024-04-17,False
TXN_2114614,CUST_12,Beverages,,24.5,,,Digital Wallet,In-store,2023-09-02,
TXN_9374739,CUST_05,Computers and electric accessories,,36.5,,,Cash,In-store,2022-07-24,True
TXN_9823408,CUST_05,Computers and electric accessories,,,3.0,51.0,Cash,In-store,2024-10-20,
TXN_6325212,CUST_03,Patisserie,,,8.0,244.0,Digital Wallet,In-store,2023-06-07,
TXN_9014397,CUST_19,Electric household essentials,,,3.0,78.0,Credit Card,Online,2022-04-22,True
TXN_6036397,CUST_06,Butchers,,36.5,,,Digital Wallet,Online,2023-10-08,False
TXN_7766873,CUST_09,Computers and electric accessories,,21.5,,,Digital Wallet,Online,2023-03-29,False
TXN_1746795,CUST_18,Electric household essentials,,9.5,,,Credit Card,In-store,2024-01-15,False
TXN_9349221,CUST_09,Butchers,,6.5,,,Digital Wallet,Online,2023-05-02,
TXN_8925408,CUST_22,Computers and electric accessories,,35.0,,,Cash,In-store,2024-11-30,False
TXN_9682433,CUST_16,Patisserie,,,1.0,17.0,Credit Card,Online,2024-11-29,True
TXN_3925839,CUST_05,Food,,,9.0,261.0,Cash,Online,2024-04-03,
TXN_1226245,CUST_18,Food,,21.5,,,Credit Card,In-store,2023-05-31,
TXN_4044974,CUST_23,Furniture,,20.0,,,Cash,Online,2024-01-14,False
TXN_5612175,CUST_03,Food,,,2.0,70.0,Cash,Online,2025-01-16,True
TXN_9464343,CUST_09,Milk Products,,,7.0,35.0,Digital Wallet,Online,2022-11-11,False
TXN_7764504,CUST_14,Milk Products,,,2.0,28.0,Credit Card,In-store,2024-11-29,False
TXN_2551088,CUST_17,Beverages,,30.5,,,Digital Wallet,Online,2024-05-14,False
TXN_1425560,CUST_23,Patisserie,,,10.0,320.0,Digital Wallet,In-store,2023-02-02,
TXN_5080357,CUST_06,Beverages,,14.0,,,Digital Wallet,In-store,2023-07-22,True
TXN_1046367,CUST_21,Computers and electric accessories,,,10.0,185.0,Cash,In-store,2022-06-21,
TXN_1434329,CUST_10,Beverages,,,2.0,49.0,Credit Card,In-store,2024-08-19,False
TXN_2083689,CUST_18,Food,,27.5,,,Credit Card,In-store,2022-11-07,True
TXN_6364752,CUST_23,Patisserie,,5.0,,,Cash,Online,2024-07-14,False
TXN_1813718,CUST_03,Butchers,,,1.0,30.5,Credit Card,In-store,2023-06-08,
TXN_6568038,CUST_05,Computers and electric accessories,,,2.0,79.0,Digital Wallet,In-store,2023-12-16,
TXN_1211345,CUST_19,Furniture,,,7.0,66.5,Digital Wallet,Online,2024-12-02,
TXN_1337454,CUST_09,Food,,41.0,,,Digital Wallet,In-store,2022-11-05,True
TXN_3923033,CUST_05,Electric household essentials,,,9.0,207.0,Credit Card,Online,2024-12-22,
TXN_7612835,CUST_08,Beverages,,6.5,,,Credit Card,Online,2024-11-04,
TXN_4894246,CUST_24,Electric household essentials,,29.0,,,Digital Wallet,Online,2022-05-06,False
TXN_7554858,CUST_25,Milk Products,,6.5,,,Digital Wallet,Online,2023-09-27,True
TXN_9521709,CUST_12,Patisserie,,,10.0,245.0,Cash,Online,2022-07-11,True
TXN_5793195,CUST_23,Furniture,,26.0,,,Cash,In-store,2022-02-15,
TXN_7140503,CUST_25,Electric household essentials,,39.5,,,Digital Wallet,In-store,2024-06-12,True
TXN_2953972,CUST_15,Electric household essentials,,,2.0,46.0,Digital Wallet,Online,2024-01-27,
TXN_8927407,CUST_24,Food,,11.0,,,Cash,Online,2023-10-26,True
TXN_7747407,CUST_08,Food,,,6.0,201.0,Cash,Online,2024-04-09,False
TXN_7954454,CUST_08,Furniture,,35.0,,,Digital Wallet,In-store,2022-09-14,True
TXN_5026398,CUST_25,Butchers,,,9.0,328.5,Digital Wallet,Online,2022-04-07,
TXN_7565406,CUST_15,Butchers,,,9.0,207.0,Digital Wallet,Online,2023-10-06,False
TXN_9158283,CUST_21,Patisserie,,29.0,,,Cash,In-store,2024-09-26,
TXN_2046922,CUST_21,Milk Products,,,5.0,40.0,Cash,In-store,2023-11-26,False
TXN_3707017,CUST_10,Furniture,,,3.0,33.0,Digital Wallet,Online,2024-04-04,False
TXN_5473528,CUST_16,Patisserie,,18.5,,,Credit Card,Online,2023-12-03,False
TXN_6912528,CUST_08,Computers and electric accessories,,,7.0,287.0,Cash,Online,2024-04-13,
TXN_7941731,CUST_01,Electric household essentials,,6.5,,,Digital Wallet,In-store,2023-02-15,False
TXN_5628367,CUST_04,Food,,,3.0,123.0,Cash,In-store,2023-01-29,
TXN_5533205,CUST_18,Furniture,,,7.0,276.5,Credit Card,Online,2023-12-31,
TXN_6015868,CUST_07,Patisserie,,24.5,,,Credit Card,In-store,2023-04-08,True
TXN_6780214,CUST_05,Food,,9.5,,,Credit Card,Online,2022-08-15,
TXN_3648215,CUST_01,Food,,,6.0,210.0,Cash,In-store,2024-03-29,
TXN_5158837,CUST_17,Food,,17.0,,,Credit Card,Online,2023-03-20,
TXN_2350545,CUST_17,Butchers,,41.0,,,Credit Card,In-store,2023-07-29,False
TXN_7138571,CUST_13,Electric household essentials,,,4.0,140.0,Cash,Online,2023-09-25,False
TXN_5037301,CUST_21,Patisserie,,,9.0,45.0,Digital Wallet,Online,2023-11-14,
TXN_7478863,CUST_22,Patisserie,,,2.0,49.0,Cash,In-store,2022-05-16,
TXN_7303362,CUST_20,Furniture,,,10.0,110.0,Digital Wallet,In-store,2023-11-02,
TXN_1376742,CUST_24,Patisserie,,17.0,,,Credit Card,Online,2024-10-20,True
TXN_4624810,CUST_20,Electric household essentials,,,9.0,247.5,Digital Wallet,Online,2023-11-08,False
TXN_7450879,CUST_01,Beverages,,,4.0,134.0,Credit Card,In-store,2024-03-29,False
TXN_6133268,CUST_13,Patisserie,,21.5,,,Credit Card,Online,2024-03-17,
TXN_6251701,CUST_07,Food,,30.5,,,Cash,Online,2024-06-25,
TXN_3275587,CUST_04,Computers and electric accessories,,,5.0,77.5,Credit Card,In-store,2024-03-11,False
TXN_9165564,CUST_02,Milk Products,,,3.0,100.5,Cash,Online,2023-03-31,
TXN_8496149,CUST_23,Milk Products,,20.0,,,Cash,In-store,2023-03-17,False
TXN_6227305,CUST_22,Beverages,,26.0,,,Digital Wallet,Online,2022-01-31,True
TXN_4699589,CUST_13,Electric household essentials,,41.0,,,Credit Card,Online,2023-07-07,False
TXN_2463351,CUST_19,Computers and electric accessories,,,10.0,65.0,Credit Card,Online,2022-08-12,
TXN_3747085,CUST_04,Beverages,,32.0,,,Cash,In-store,2024-01-24,False
TXN_7780561,CUST_06,Beverages,,,4.0,80.0,Cash,In-store,2024-05-06,
TXN_3575373,CUST_17,Milk Products,,,9.0,45.0,Cash,Online,2024-12-29,True
TXN_5771988,CUST_22,Patisserie,,26.0,,,Credit Card,In-store,2023-04-07,False
TXN_7589967,CUST_16,Electric household essentials,,14.0,,,Cash,Online,2023-02-25,
TXN_6096860,CUST_18,Furniture,,35.0,,,Digital Wallet,Online,2024-05-15,
TXN_6866951,CUST_04,Electric household essentials,,,9.0,301.5,Credit Card,Online,2023-09-24,True
TXN_7597821,CUST_01,Butchers,,,5.0,205.0,Credit Card,In-store,2024-05-18,True
TXN_1284380,CUST_06,Electric household essentials,,,4.0,62.0,Cash,In-store,2023-07-14,True
TXN_8221789,CUST_23,Furniture,,,10.0,110.0,Credit Card,In-store,2024-06-12,
TXN_2337522,CUST_10,Beverages,,41.0,,,Cash,Online,2022-07-15,True
TXN_2691217,CUST_17,Furniture,,,2.0,40.0,Credit Card,Online,2024-08-11,True
TXN_8076264,CUST_19,Furniture,,6.5,,,Digital Wallet,In-store,2024-12-01,
TXN_9620521,CUST_14,Beverages,,,2.0,55.0,Cash,Online,2022-07-19,False
TXN_4195260,CUST_17,Furniture,,35.0,,,Cash,Online,2023-10-05,True
TXN_3503862,CUST_07,Patisserie,,,9.0,45.0,Cash,Online,2022-03-08,True
TXN_3978048,CUST_24,Electric household essentials,,,2.0,55.0,Credit Card,Online,2024-04-26,True
TXN_2854112,CUST_24,Milk Products,,,7.0,224.0,Credit Card,Online,2024-01-23,True
TXN_3971163,CUST_17,Butchers,,,9.0,45.0,Digital Wallet,Online,2022-07-29,True
TXN_7877933,CUST_15,Butchers,,,2.0,73.0,Credit Card,In-store,2023-04-26,
TXN_6730526,CUST_20,Patisserie,,41.0,,,Cash,In-store,2022-01-07,
TXN_9285109,CUST_20,Computers and electric accessories,,,2.0,64.0,Cash,In-store,2023-12-26,
TXN_5341574,CUST_01,Computers and electric accessories,,,6.0,84.0,Cash,In-store,2023-10-23,False
TXN_4467507,CUST_01,Beverages,,,2.0,82.0,Credit Card,Online,2023-07-24,True
TXN_8416020,CUST_02,Patisserie,,29.0,,,Digital Wallet,In-store,2024-03-05,False
TXN_4989570,CUST_03,Food,,,7.0,87.5,Digital Wallet,Online,2023-08-23,True
TXN_5203845,CUST_16,Beverages,,,7.0,287.0,Digital Wallet,Online,2022-11-15,
TXN_7581115,CUST_18,Furniture,,35.0,,,Credit Card,In-store,2022-01-22,True
TXN_1579155,CUST_22,Butchers,,5.0,,,Cash,In-store,2023-12-29,True
TXN_7784746,CUST_16,Electric household essentials,,41.0,,,Credit Card,Online,2022-04-05,True
TXN_2946597,CUST_15,Computers and electric accessories,,33.5,,,Credit Card,In-store,2022-02-11,True
TXN_2324066,CUST_12,Beverages,,14.0,,,Credit Card,Online,2023-09-28,True
TXN_8697688,CUST_12,Computers and electric accessories,,17.0,,,Digital Wallet,Online,2022-06-08,True
TXN_1322913,CUST_18,Food,,,4.0,80.0,Digital Wallet,Online,2022-09-20,True
TXN_3994804,CUST_03,Furniture,,,1.0,33.5,Credit Card,In-store,2022-01-08,
TXN_5442078,CUST_08,Food,,,7.0,77.0,Credit Card,Online,2023-07-31,True
TXN_8670643,CUST_11,Milk Products,,,1.0,36.5,Digital Wallet,Online,2022-12-18,False
TXN_2763819,CUST_03,Beverages,,39.5,,,Digital Wallet,In-store,2022-01-23,
TXN_6845710,CUST_03,Milk Products,,,2.0,40.0,Digital Wallet,Online,2024-11-23,
TXN_6989869,CUST_16,Computers and electric accessories,,18.5,,,Cash,In-store,2022-02-21,
TXN_2325423,CUST_12,Food,,8.0,,,Cash,In-store,2024-12-17,
TXN_1499569,CUST_13,Food,,29.0,,,Credit Card,Online,2025-01-02,
TXN_3033931,CUST_09,Milk Products,,,1.0,12.5,Cash,In-store,2023-08-17,
TXN_8469419,CUST_24,Food,,33.5,,,Cash,Online,2023-03-25,True
TXN_7819012,CUST_19,Computers and electric accessories,,6.5,,,Digital Wallet,Online,2023-07-02,False
TXN_7378094,CUST_22,Milk Products,,20.0,,,Cash,In-store,2023-12-06,
TXN_4495319,CUST_25,Computers and electric accessories,,15.5,,,Cash,Online,2023-04-15,
TXN_7171953,CUST_11,Patisserie,,39.5,,,Cash,Online,2022-11-11,False
TXN_9379358,CUST_25,Furniture,,20.0,,,Cash,Online,2022-04-07,True
TXN_6522433,CUST_22,Computers and electric accessories,,20.0,,,Credit Card,In-store,2024-10-19,
TXN_2154827,CUST_11,Butchers,,41.0,,,Credit Card,In-store,2024-08-04,False
TXN_4099276,CUST_17,Beverages,,,6.0,84.0,Digital Wallet,In-store,2024-11-24,
TXN_8475688,CUST_05,Furniture,,,4.0,158.0,Credit Card,In-store,2023-05-20,False
TXN_9120906,CUST_10,Computers and electric accessories,,21.5,,,Credit Card,In-store,2024-02-13,
TXN_2478597,CUST_07,Computers and electric accessories,,11.0,,,Cash,In-store,2024-09-06,False
TXN_6929636,CUST_17,Computers and electric accessories,,,2.0,16.0,Digital Wallet,Online,2023-11-23,
TXN_1306295,CUST_15,Computers and electric accessories,,,5.0,32.5,Digital Wallet,Online,2022-09-13,True
TXN_7806205,CUST_08,Milk Products,,,3.0,109.5,Digital Wallet,In-store,2023-03-03,
TXN_9478594,CUST_12,Computers and electric accessories,,,7.0,108.5,Credit Card,Online,2023-01-12,False
TXN_9649004,CUST_11,Butchers,,,2.0,49.0,Cash,Online,2022-07-16,
TXN_7224577,CUST_12,Food,,20.0,,,Credit Card,In-store,2022-09-27,True
TXN_5752809,CUST_11,Butchers,,23.0,,,Cash,In-store,2023-12-24,False
TXN_2457102,CUST_18,Furniture,,,3.0,123.0,Digital Wallet,Online,2022-03-10,True
TXN_2501304,CUST_14,Beverages,,15.5,,,Credit Card,In-store,2024-07-14,
TXN_1044590,CUST_12,Electric household essentials,,,4.0,56.0,Cash,Online,2024-05-07,False
TXN_6314198,CUST_23,Beverages,,24.5,,,Credit Card,Online,2024-01-06,True
TXN_3957917,CUST_09,Milk Products,,,5.0,25.0,Credit Card,In-store,2022-10-17,True
TXN_1977173,CUST_23,Butchers,,9.5,,,Credit Card,Online,2022-06-14,True
TXN_4219435,CUST_23,Food,,15.5,,,Digital Wallet,Online,2022-10-07,
TXN_7420327,CUST_05,Furniture,,,8.0,232.0,Credit Card,Online,2023-02-24,True
TXN_1443512,CUST_19,Patisserie,,29.0,,,Cash,Online,2022-11-20,True
TXN_6437047,CUST_03,Electric household essentials,,,7.0,255.5,Cash,Online,2023-03-28,
TXN_9427980,CUST_12,Beverages,,,8.0,124.0,Cash,Online,2023-06-22,
TXN_3987229,CUST_25,Beverages,,,3.0,60.0,Cash,Online,2023-02-11,False
TXN_9682557,CUST_05,Beverages,,32.0,,,Digital Wallet,Online,2022-12-15,True
TXN_2147697,CUST_04,Milk Products,,39.5,,,Credit Card,In-store,2022-03-19,False
TXN_3521719,CUST_22,Patisserie,,39.5,,,Cash,In-store,2022-10-15,
TXN_5780579,CUST_08,Furniture,,12.5,,,Digital Wallet,In-store,2023-05-23,True
TXN_3359492,CUST_17,Milk Products,,8.0,,,Cash,Online,2024-11-05,True
TXN_4848182,CUST_21,Food,,,4.0,146.0,Credit Card,Online,2023-09-11,
TXN_9361358,CUST_13,Food,,,5.0,115.0,Credit Card,In-store,2023-05-11,
TXN_1490623,CUST_19,Butchers,,29.0,,,Cash,Online,2023-09-05,False
TXN_2258558,CUST_17,Beverages,,15.5,,,Cash,In-store,2023-11-23,
TXN_5592249,CUST_07,Computers and electric accessories,,,8.0,136.0,Cash,In-store,2023-03-14,True
TXN_8653885,CUST_12,Food,,,7.0,182.0,Credit Card,Online,2022-03-29,
TXN_8573044,CUST_23,Beverages,,,8.0,280.0,Credit Card,In-store,2023-02-18,False
TXN_6771885,CUST_25,Patisserie,,8.0,,,Digital Wallet,Online,2025-01-04,False
TXN_2618457,CUST_02,Food,,,6.0,120.0,Credit Card,In-store,2022-07-11,True
TXN_5179270,CUST_20,Patisserie,,,2.0,79.0,Credit Card,Online,2024-02-15,False
TXN_4822005,CUST_10,Food,,,8.0,268.0,Credit Card,Online,2023-02-26,
TXN_4617564,CUST_14,Butchers,,27.5,,,Digital Wallet,In-store,2024-04-15,False
TXN_6051216,CUST_07,Computers and electric accessories,,,10.0,275.0,Credit Card,Online,2022-09-23,False
TXN_7799324,CUST_21,Furniture,,18.5,,,Digital Wallet,Online,2023-10-31,True
TXN_9302123,CUST_04,Food,,,3.0,69.0,Credit Card,Online,2022-11-26,False
TXN_5193416,CUST_05,Milk Products,,14.0,,,Digital Wallet,Online,2024-12-16,True
TXN_2407302,CUST_14,Patisserie,,38.0,,,Cash,In-store,2022-02-25,False
TXN_2669850,CUST_22,Electric household essentials,,29.0,,,Cash,Online,2024-06-07,True
TXN_8940025,CUST_11,Milk Products,,15.5,,,Credit Card,Online,2022-07-24,True
TXN_5504521,CUST_05,Beverages,,35.0,,,Digital Wallet,In-store,2024-04-19,False
TXN_8332080,CUST_08,Milk Products,,,7.0,192.5,Digital Wallet,Online,2024-08-27,
TXN_6920044,CUST_09,Patisserie,,15.5,,,Cash,Online,2024-08-08,True
TXN_9053395,CUST_11,Electric household essentials,,,10.0,230.0,Digital Wallet,Online,2022-08-27,True
TXN_2223571,CUST_24,Patisserie,,,9.0,288.0,Credit Card,In-store,2022-11-14,True
TXN_6292395,CUST_08,Food,,18.5,,,Digital Wallet,In-store,2023-07-11,True
TXN_4333089,CUST_20,Food,,20.0,,,Credit Card,Online,2023-12-21,True
TXN_9887558,CUST_13,Electric household essentials,,,4.0,86.0,Digital Wallet,Online,2022-03-17,True
TXN_3522256,CUST_16,Butchers,,12.5,,,Credit Card,Online,2024-05-02,True
TXN_5599144,CUST_05,Patisserie,,30.5,,,Cash,In-store,2022-09-11,
TXN_1679439,CUST_10,Milk Products,,36.5,,,Cash,Online,2023-11-01,
TXN_2559484,CUST_04,Computers and electric accessories,,,9.0,112.5,Cash,In-store,2022-04-15,
TXN_8800567,CUST_13,Computers and electric accessories,,32.0,,,Cash,Online,2023-10-05,False
TXN_5395629,CUST_14,Butchers,,,7.0,150.5,Credit Card,Online,2022-08-24,True
TXN_4275306,CUST_23,Electric household essentials,,,9.0,342.0,Digital Wallet,In-store,2022-03-19,True
TXN_6380866,CUST_22,Computers and electric accessories,,41.0,,,Credit Card,In-store,2024-05-29,False
TXN_6172739,CUST_03,Beverages,,8.0,,,Credit Card,In-store,2023-09-12,False
TXN_1981233,CUST_05,Furniture,,,5.0,167.5,Digital Wallet,In-store,2023-08-06,True
TXN_3347185,CUST_01,Butchers,,6.5,,,Cash,In-store,2023-08-07,True
TXN_3246313,CUST_23,Patisserie,,14.0,,,Digital Wallet,Online,2024-01-11,
TXN_9945945,CUST_11,Patisserie,,,3.0,118.5,Cash,Online,2023-09-17,True
TXN_2801305,CUST_04,Butchers,,27.5,,,Cash,Online,2022-06-26,
TXN_5221911,CUST_09,Beverages,,,9.0,85.5,Credit Card,Online,2023-07-09,False
TXN_3599137,CUST_19,Milk Products,,,10.0,365.0,Digital Wallet,In-store,2024-08-03,True
TXN_2168164,CUST_05,Milk Products,,,5.0,40.0,Credit Card,In-store,2024-08-26,True
TXN_6400580,CUST_07,Furniture,,,9.0,301.5,Credit Card,Online,2023-09-11,False
TXN_9518220,CUST_05,Beverages,,32.0,,,Digital Wallet,In-store,2024-02-04,True
TXN_8714514,CUST_04,Patisserie,,,7.0,98.0,Digital Wallet,In-store,2022-08-19,
TXN_3878879,CUST_03,Computers and electric accessories,,,9.0,288.0,Digital Wallet,In-store,2022-01-22,
TXN_8036579,CUST_01,Food,,,2.0,61.0,Digital Wallet,Online,2024-05-23,True
TXN_3329144,CUST_23,Food,,,3.0,73.5,Credit Card,In-store,2025-01-11,False
TXN_2190232,CUST_06,Furniture,,,7.0,224.0,Digital Wallet,In-store,2024-02-16,False
TXN_4771109,CUST_21,Electric household essentials,,,10.0,410.0,Digital Wallet,In-store,2022-07-03,True
TXN_1621579,CUST_09,Computers and electric accessories,,32.0,,,Credit Card,Online,2022-11-18,False
TXN_9692463,CUST_16,Milk Products,,27.5,,,Digital Wallet,In-store,2022-03-14,True
TXN_3324948,CUST_14,Furniture,,38.0,,,Cash,Online,2022-04-25,False
TXN_5377881,CUST_23,Computers and electric accessories,,21.5,,,Cash,Online,2023-05-29,True
TXN_4733738,CUST_19,Butchers,,11.0,,,Cash,In-store,2023-06-29,
TXN_5007965,CUST_05,Computers and electric accessories,,24.5,,,Digital Wallet,Online,2024-11-19,True
TXN_3169757,CUST_11,Beverages,,,7.0,224.0,Digital Wallet,Online,2024-04-04,False
TXN_2288041,CUST_24,Food,,,10.0,410.0,Digital Wallet,In-store,2023-09-02,False
TXN_5647485,CUST_15,Food,,,9.0,112.5,Digital Wallet,In-store,2024-01-13,False
TXN_1158381,CUST_24,Butchers,,36.5,,,Credit Card,Online,2022-12-26,True
TXN_4168865,CUST_11,Patisserie,,26.0,,,Cash,Online,2023-12-03,False
TXN_1610493,CUST_11,Electric household essentials,,,1.0,18.5,Cash,Online,2023-01-26,
TXN_6852237,CUST_02,Patisserie,,,1.0,21.5,Credit Card,In-store,2023-08-29,True
TXN_4452577,CUST_16,Electric household essentials,,,4.0,128.0,Digital Wallet,Online,2022-02-13,True
TXN_8016362,CUST_03,Electric household essentials,,,6.0,246.0,Cash,Online,2022-08-18,True
TXN_4426046,CUST_10,Butchers,,38.0,,,Cash,Online,2024-02-16,False
TXN_9767779,CUST_03,Computers and electric accessories,,29.0,,,Cash,In-store,2022-08-03,
TXN_2010228,CUST_17,Food,,,4.0,32.0,Digital Wallet,In-store,2025-01-06,
TXN_7156790,CUST_10,Food,,,4.0,92.0,Digital Wallet,Online,2022-11-24,True
TXN_7026911,CUST_23,Patisserie,,,8.0,268.0,Credit Card,In-store,2022-12-23,True
TXN_1702959,CUST_03,Butchers,,,10.0,380.0,Cash,In-store,2022-02-22,False
TXN_1746192,CUST_24,Electric household essentials,,15.5,,,Cash,In-store,2022-07-30,False
TXN_9038096,CUST_25,Electric household essentials,,23.0,,,Credit Card,Online,2024-05-08,False
TXN_6102791,CUST_02,Furniture,,33.5,,,Credit Card,In-store,2022-04-05,False
TXN_2018105,CUST_13,Computers and electric accessories,,,10.0,80.0,Credit Card,In-store,2023-10-07,False
TXN_1058643,CUST_23,Food,,,2.0,19.0,Digital Wallet,In-store,2024-10-01,False
TXN_6211037,CUST_20,Patisserie,,,7.0,66.5,Digital Wallet,In-store,2024-07-24,False
TXN_7415874,CUST_19,Electric household essentials,,6.5,,,Cash,Online,2022-12-20,True
TXN_4872092,CUST_23,Electric household essentials,,,3.0,123.0,Cash,In-store,2024-11-02,
TXN_4793029,CUST_20,Food,,,4.0,92.0,Credit Card,In-store,2024-12-07,
TXN_2910944,CUST_24,Patisserie,,21.5,,,Credit Card,Online,2022-12-21,
TXN_4258144,CUST_20,Milk Products,,9.5,,,Cash,In-store,2024-11-15,False
TXN_3922646,CUST_08,Electric household essentials,,,2.0,64.0,Cash,Online,2023-07-27,False
TXN_9382641,CUST_06,Milk Products,,14.0,,,Credit Card,In-store,2022-07-05,True
TXN_4838523,CUST_11,Butchers,,23.0,,,Credit Card,In-store,2024-08-29,
TXN_4022829,CUST_18,Furniture,,29.0,,,Digital Wallet,In-store,2024-02-14,False
TXN_4123276,CUST_14,Food,,,5.0,62.5,Digital Wallet,Online,2023-07-09,False
TXN_2477774,CUST_23,Food,,6.5,,,Cash,Online,2022-08-16,True
TXN_6749795,CUST_12,Patisserie,,38.0,,,Digital Wallet,Online,2023-08-06,True
TXN_9611416,CUST_19,Butchers,,,3.0,24.0,Digital Wallet,Online,2022-09-02,True
TXN_5758502,CUST_21,Food,,,3.0,73.5,Credit Card,In-store,2024-01-01,
TXN_2813218,CUST_02,Beverages,,6.5,,,Digital Wallet,Online,2022-11-14,
TXN_1809957,CUST_04,Milk Products,,,9.0,355.5,Credit Card,Online,2022-10-12,True
TXN_8693268,CUST_19,Computers and electric accessories,,,5.0,197.5,Credit Card,In-store,2022-05-31,
TXN_1814757,CUST_01,Patisserie,,6.5,,,Cash,In-store,2024-08-18,
TXN_4539341,CUST_12,Food,,8.0,,,Cash,Online,2022-01-06,False
TXN_9295319,CUST_07,Patisserie,,27.5,,,Credit Card,In-store,2023-06-04,
TXN_2004814,CUST_16,Computers and electric accessories,,,5.0,160.0,Credit Card,Online,2023-05-14,True
TXN_8868169,CUST_07,Food,,12.5,,,Digital Wallet,Online,2023-01-05,
TXN_4654153,CUST_16,Electric household essentials,,5.0,,,Cash,Online,2022-06-03,
TXN_9321451,CUST_10,Furniture,,,1.0,5.0,Credit Card,Online,2022-11-21,
TXN_3554058,CUST_02,Food,,20.0,,,Digital Wallet,In-store,2022-08-24,False
TXN_8581857,CUST_05,Patisserie,,17.0,,,Cash,Online,2024-08-20,
TXN_6206009,CUST_21,Computers and electric accessories,,29.0,,,Credit Card,In-store,2022-08-04,True
TXN_1051223,CUST_08,Patisserie,,,9.0,45.0,Credit Card,Online,2023-10-25,
TXN_4335485,CUST_25,Butchers,,,5.0,115.0,Digital Wallet,In-store,2022-12-29,True
TXN_4245049,CUST_04,Butchers,,14.0,,,Credit Card,Online,2022-01-12,
TXN_8240954,CUST_24,Butchers,,,3.0,91.5,Cash,Online,2022-04-05,False
TXN_8061410,CUST_12,Computers and electric accessories,,36.5,,,Cash,Online,2024-05-02,
TXN_8846106,CUST_19,Beverages,,39.5,,,Digital Wallet,In-store,2024-10-16,True
TXN_3875311,CUST_13,Food,,,2.0,40.0,Digital Wallet,In-store,2023-07-24,False
TXN_5796230,CUST_03,Milk Products,,,5.0,40.0,Digital Wallet,In-store,2022-05-30,False
TXN_2931826,CUST_23,Butchers,,38.0,,,Credit Card,Online,2023-02-13,True
TXN_2487307,CUST_19,Electric household essentials,,,7.0,234.5,Credit Card,Online,2022-04-18,False
TXN_7965748,CUST_08,Patisserie,,,8.0,328.0,Digital Wallet,In-store,2023-01-14,
TXN_3873648,CUST_12,Butchers,,,4.0,146.0,Credit Card,Online,2022-12-09,True
TXN_6842211,CUST_22,Food,,,9.0,193.5,Digital Wallet,Online,2024-08-16,False
TXN_8040299,CUST_24,Computers and electric accessories,,21.5,,,Digital Wallet,Online,2024-09-16,False
TXN_2715374,CUST_12,Computers and electric accessories,,,7.0,171.5,Credit Card,In-store,2023-03-15,True
TXN_1310254,CUST_20,Milk Products,,,8.0,232.0,Digital Wallet,Online,2022-03-16,True
TXN_9753602,CUST_18,Milk Products,,12.5,,,Cash,In-store,2022-03-31,
TXN_9864135,CUST_25,Electric household essentials,,,1.0,20.0,Digital Wallet,Online,2023-08-17,False
TXN_9195906,CUST_02,Electric household essentials,,32.0,,,Digital Wallet,In-store,2022-05-20,False
TXN_2392647,CUST_04,Food,,15.5,,,Cash,Online,2022-10-12,False
TXN_7852595,CUST_21,Milk Products,,,1.0,8.0,Cash,Online,2022-08-04,False
TXN_8941172,CUST_02,Electric household essentials,,41.0,,,Credit Card,Online,2022-07-09,
TXN_3017691,CUST_14,Patisserie,,39.5,,,Credit Card,In-store,2022-10-14,True
TXN_8256476,CUST_07,Computers and electric accessories,,21.5,,,Cash,In-store,2024-10-08,True
TXN_3666581,CUST_07,Electric household essentials,,,3.0,46.5,Cash,In-store,2024-06-08,
TXN_8552028,CUST_13,Patisserie,,38.0,,,Cash,Online,2022-01-23,True
TXN_6278418,CUST_05,Milk Products,,21.5,,,Cash,Online,2023-03-21,
TXN_5992097,CUST_17,Patisserie,,41.0,,,Digital Wallet,In-store,2024-02-13,
TXN_8373098,CUST_18,Butchers,,,7.0,234.5,Digital Wallet,Online,2024-04-02,
TXN_6709663,CUST_05,Food,,8.0,,,Cash,Online,2022-10-23,True
TXN_6948452,CUST_18,Electric household essentials,,,5.0,47.5,Digital Wallet,In-store,2024-11-05,
TXN_8444157,CUST_11,Patisserie,,9.5,,,Digital Wallet,Online,2023-07-17,False
TXN_4671556,CUST_06,Food,,,3.0,51.0,Cash,In-store,2022-09-13,False
TXN_6730547,CUST_18,Butchers,,,2.0,40.0,Credit Card,Online,2024-01-17,True
TXN_8963866,CUST_07,Milk Products,,20.0,,,Credit Card,Online,2022-12-09,False
TXN_4949721,CUST_08,Computers and electric accessories,,23.0,,,Credit Card,In-store,2022-04-28,True
TXN_6272504,CUST_14,Furniture,,15.5,,,Digital Wallet,In-store,2023-02-28,
TXN_9416158,CUST_24,Butchers,,,2.0,25.0,Cash,In-store,2023-01-27,False
TXN_7302842,CUST_15,Butchers,,,10.0,80.0,Digital Wallet,Online,2024-11-05,
TXN_1164094,CUST_09,Patisserie,,,3.0,33.0,Digital Wallet,In-store,2024-07-29,
TXN_5831445,CUST_17,Beverages,,,4.0,98.0,Cash,In-store,2023-10-31,
TXN_6736197,CUST_07,Food,,23.0,,,Digital Wallet,In-store,2024-12-31,True
TXN_7929084,CUST_15,Computers and electric accessories,,,1.0,26.0,Cash,Online,2023-04-09,True
TXN_3768715,CUST_12,Patisserie,,,7.0,161.0,Cash,Online,2023-12-24,True
TXN_4705521,CUST_07,Food,,11.0,,,Cash,Online,2023-07-06,
TXN_9805058,CUST_19,Butchers,,,7.0,98.0,Cash,In-store,2024-06-24,
TXN_6345102,CUST_23,Food,,,6.0,165.0,Cash,Online,2022-12-20,
TXN_8686018,CUST_07,Patisserie,,,8.0,160.0,Credit Card,Online,2024-07-29,False
TXN_4772413,CUST_22,Milk Products,,33.5,,,Digital Wallet,Online,2023-05-13,
TXN_8831425,CUST_12,Butchers,,,3.0,28.5,Credit Card,In-store,2023-09-08,True
TXN_3807303,CUST_03,Furniture,,39.5,,,Credit Card,Online,2022-10-08,False
TXN_2770070,CUST_22,Electric household essentials,,,6.0,165.0,Digital Wallet,In-store,2022-06-10,
TXN_7744516,CUST_04,Computers and electric accessories,,,10.0,215.0,Credit Card,In-store,2023-09-19,False
TXN_2119863,CUST_24,Patisserie,,,10.0,365.0,Cash,Online,2024-12-24,True
TXN_9856733,CUST_03,Patisserie,,24.5,,,Credit Card,In-store,2023-03-15,True
TXN_8966314,CUST_19,Milk Products,,30.5,,,Digital Wallet,Online,2023-04-14,True
TXN_1041890,CUST_03,Furniture,,27.5,,,Digital Wallet,Online,2022-07-02,False
TXN_6027273,CUST_01,Milk Products,,,1.0,12.5,Digital Wallet,In-store,2023-03-20,
TXN_1759177,CUST_20,Beverages,,21.5,,,Digital Wallet,In-store,2023-05-17,False
TXN_3277863,CUST_17,Furniture,,,7.0,224.0,Credit Card,Online,2022-12-16,False
TXN_2595449,CUST_02,Furniture,,,10.0,95.0,Cash,Online,2024-07-08,True
TXN_9161445,CUST_11,Beverages,,,6.0,174.0,Cash,In-store,2023-11-03,
TXN_2602356,CUST_12,Food,,,5.0,40.0,Cash,Online,2024-01-31,
TXN_3605723,CUST_04,Furniture,,20.0,,,Digital Wallet,Online,2023-05-27,False
TXN_6970868,CUST_20,Computers and electric accessories,,,9.0,234.0,Cash,Online,2023-12-17,True
TXN_6964544,CUST_16,Milk Products,,32.0,,,Cash,Online,2022-07-20,False
TXN_9860940,CUST_09,Furniture,,,9.0,328.5,Credit Card,Online,2024-06-11,
TXN_3858680,CUST_11,Electric household essentials,,32.0,,,Credit Card,Online,2023-03-16,False
TXN_3526562,CUST_24,Butchers,,,1.0,29.0,Credit Card,Online,2024-10-27,True
TXN_4570138,CUST_14,Beverages,,35.0,,,Cash,Online,2022-09-03,
TXN_4967198,CUST_20,Furniture,,41.0,,,Digital Wallet,In-store,2022-01-14,True
TXN_7608681,CUST_17,Electric household essentials,,26.0,,,Digital Wallet,In-store,2024-03-07,True
TXN_1032287,CUST_16,Food,,,2.0,43.0,Cash,Online,2022-07-27,
TXN_1382421,CUST_14,Beverages,,33.5,,,Credit Card,In-store,2024-07-12,
TXN_2357597,CUST_21,Computers and electric accessories,,,3.0,15.0,Cash,Online,2024-04-17,True
TXN_4862692,CUST_12,Patisserie,,33.5,,,Cash,In-store,2023-01-09,
TXN_7868771,CUST_14,Food,,,5.0,107.5,Cash,In-store,2024-12-31,
TXN_1586746,CUST_01,Furniture,,,3.0,73.5,Credit Card,Online,2022-08-06,True
TXN_5037401,CUST_15,Milk Products,,,1.0,11.0,Digital Wallet,In-store,2022-10-31,
TXN_5391734,CUST_12,Beverages,,,3.0,46.5,Digital Wallet,Online,2024-11-17,
TXN_6004811,CUST_18,Electric household essentials,,,6.0,183.0,Digital Wallet,In-store,2023-07-08,False
TXN_9020139,CUST_19,Computers and electric accessories,,,2.0,61.0,Digital Wallet,In-store,2024-04-15,
TXN_4240515,CUST_09,Electric household essentials,,29.0,,,Credit Card,Online,2023-09-23,True
TXN_4684828,CUST_06,Patisserie,,,4.0,56.0,Credit Card,In-store,2023-06-04,True
TXN_6461820,CUST_18,Food,,36.5,,,Cash,In-store,2023-11-29,
TXN_9748964,CUST_24,Furniture,,,2.0,28.0,Cash,In-store,2024-02-21,False
TXN_9714585,CUST_07,Food,,,10.0,290.0,Digital Wallet,Online,2024-11-10,
TXN_2158665,CUST_19,Electric household essentials,,23.0,,,Digital Wallet,In-store,2022-07-27,False
TXN_6314299,CUST_19,Milk Products,,,6.0,246.0,Credit Card,Online,2022-02-14,
TXN_6595686,CUST_18,Milk Products,,32.0,,,Cash,Online,2023-11-13,False
TXN_3943422,CUST_19,Patisserie,,41.0,,,Credit Card,In-store,2024-12-09,False
TXN_2261622,CUST_02,Beverages,,,9.0,180.0,Cash,In-store,2022-09-27,True
TXN_9333110,CUST_15,Computers and electric accessories,,,2.0,22.0,Cash,In-store,2024-07-03,False
TXN_5445578,CUST_11,Furniture,,,8.0,52.0,Credit Card,In-store,2023-04-11,True
TXN_9698787,CUST_09,Beverages,,,3.0,28.5,Cash,Online,2024-11-13,False
TXN_9906846,CUST_08,Beverages,,9.5,,,Cash,Online,2023-10-03,
TXN_5237132,CUST_08,Furniture,,41.0,,,Digital Wallet,In-store,2022-11-28,
TXN_9925855,CUST_03,Beverages,,,8.0,304.0,Digital Wallet,In-store,2024-10-02,
TXN_7003816,CUST_10,Butchers,,,1.0,21.5,Credit Card,In-store,2024-07-15,
TXN_8332438,CUST_12,Butchers,,,2.0,16.0,Credit Card,Online,2024-04-19,True
TXN_3649978,CUST_03,Butchers,,20.0,,,Digital Wallet,In-store,2023-06-13,False
TXN_4327045,CUST_08,Electric household essentials,,,9.0,369.0,Cash,Online,2024-08-11,False
TXN_3829639,CUST_20,Furniture,,,2.0,22.0,Digital Wallet,In-store,2022-03-29,False
TXN_3427189,CUST_09,Food,,,9.0,220.5,Cash,In-store,2024-04-10,True
TXN_7684996,CUST_15,Patisserie,,15.5,,,Digital Wallet,In-store,2022-12-04,False
TXN_5225733,CUST_02,Patisserie,,,8.0,124.0,Cash,Online,2023-04-08,True
TXN_3728004,CUST_25,Beverages,,,3.0,46.5,Cash,In-store,2022-08-23,
TXN_5963334,CUST_07,Computers and electric accessories,,32.0,,,Cash,Online,2022-02-11,False
TXN_3416433,CUST_10,Electric household essentials,,17.0,,,Digital Wallet,In-store,2022-03-01,True
TXN_2160657,CUST_16,Electric household essentials,,27.5,,,Digital Wallet,Online,2023-12-23,True
TXN_6285433,CUST_24,Computers and electric accessories,,17.0,,,Credit Card,In-store,2023-07-18,True
TXN_3961088,CUST_04,Furniture,,,2.0,34.0,Digital Wallet,In-store,2023-03-23,True
TXN_9551364,CUST_11,Butchers,,8.0,,,Credit Card,In-store,2022-06-27,
TXN_6659981,CUST_17,Beverages,,,9.0,153.0,Credit Card,Online,2023-06-19,True
TXN_6087492,CUST_24,Patisserie,,,3.0,15.0,Credit Card,In-store,2023-12-14,True
TXN_1419872,CUST_11,Furniture,,9.5,,,Digital Wallet,Online,2022-06-04,
TXN_4047279,CUST_09,Electric household essentials,,,1.0,36.5,Credit Card,In-store,2024-07-08,
TXN_2909351,CUST_11,Milk Products,,20.0,,,Cash,In-store,2024-08-14,True
TXN_4128346,CUST_14,Beverages,,,3.0,42.0,Cash,In-store,2024-01-31,
TXN_3915802,CUST_04,Electric household essentials,,,2.0,76.0,Cash,Online,2023-01-12,True
TXN_6002055,CUST_16,Milk Products,,,1.0,17.0,Digital Wallet,In-store,2022-03-20,True
TXN_4703736,CUST_16,Milk Products,,,4.0,62.0,Digital Wallet,Online,2023-05-27,False
TXN_7179907,CUST_22,Food,,,10.0,245.0,Cash,Online,2022-07-23,False
TXN_8628417,CUST_09,Furniture,,,5.0,47.5,Digital Wallet,In-store,2022-10-09,True
TXN_5452486,CUST_13,Electric household essentials,,,2.0,76.0,Credit Card,In-store,2023-10-22,True
TXN_4782711,CUST_20,Electric household essentials,,11.0,,,Digital Wallet,In-store,2022-05-17,False
TXN_2701654,CUST_21,Computers and electric accessories,,,1.0,35.0,Credit Card,In-store,2022-01-06,
TXN_9659189,CUST_13,Computers and electric accessories,,33.5,,,Credit Card,Online,2024-06-20,
TXN_1208593,CUST_21,Patisserie,,20.0,,,Credit Card,In-store,2022-11-19,
TXN_2794565,CUST_17,Beverages,,24.5,,,Credit Card,In-store,2023-03-11,True
TXN_5127072,CUST_18,Electric household essentials,,33.5,,,Credit Card,In-store,2023-09-21,
TXN_3935581,CUST_07,Food,,,10.0,80.0,Digital Wallet,In-store,2024-05-13,True
TXN_8889522,CUST_21,Milk Products,,12.5,,,Cash,Online,2023-09-21,True
TXN_3701394,CUST_06,Milk Products,,20.0,,,Digital Wallet,Online,2022-07-28,False
TXN_4738336,CUST_18,Milk Products,,24.5,,,Cash,Online,2023-03-05,False
TXN_6307499,CUST_22,Electric household essentials,,33.5,,,Credit Card,In-store,2023-06-22,True
TXN_1202968,CUST_11,Electric household essentials,,,8.0,112.0,Digital Wallet,Online,2022-09-03,True
TXN_2995389,CUST_20,Computers and electric accessories,,11.0,,,Credit Card,Online,2022-11-28,False
TXN_5833782,CUST_17,Milk Products,,38.0,,,Credit Card,In-store,2023-09-25,True
TXN_5520385,CUST_24,Milk Products,,,5.0,137.5,Digital Wallet,In-store,2024-09-28,
TXN_9074980,CUST_02,Food,,11.0,,,Credit Card,In-store,2024-10-07,
TXN_6376357,CUST_16,Butchers,,8.0,,,Cash,Online,2024-09-29,False
TXN_3224536,CUST_18,Milk Products,,20.0,,,Digital Wallet,Online,2022-05-10,False
TXN_5427219,CUST_04,Milk Products,,5.0,,,Cash,In-store,2024-12-19,True
TXN_1525936,CUST_20,Computers and electric accessories,,,8.0,112.0,Digital Wallet,In-store,2025-01-15,False
TXN_4422875,CUST_23,Furniture,,,2.0,52.0,Digital Wallet,In-store,2023-10-01,False
TXN_2968416,CUST_17,Food,,39.5,,,Digital Wallet,Online,2022-04-13,
TXN_6396781,CUST_03,Computers and electric accessories,,27.5,,,Cash,In-store,2023-02-04,True
TXN_9122442,CUST_10,Butchers,,,8.0,292.0,Credit Card,In-store,2024-11-26,False
TXN_2564188,CUST_05,Patisserie,,12.5,,,Credit Card,In-store,2024-04-14,
TXN_9712639,CUST_10,Computers and electric accessories,,36.5,,,Digital Wallet,In-store,2023-08-04,False
TXN_7553716,CUST_22,Food,,36.5,,,Cash,In-store,2024-04-07,True
TXN_7194672,CUST_18,Butchers,,,8.0,208.0,Digital Wallet,Online,2024-10-07,True
TXN_6725698,CUST_06,Butchers,,,8.0,184.0,Digital Wallet,Online,2024-11-03,True
TXN_4656312,CUST_22,Patisserie,,24.5,,,Digital Wallet,In-store,2023-06-10,False
TXN_9114949,CUST_09,Beverages,,30.5,,,Cash,Online,2022-04-11,True
TXN_8342635,CUST_24,Milk Products,,,2.0,19.0,Digital Wallet,In-store,2022-07-30,False
TXN_9237487,CUST_22,Computers and electric accessories,,32.0,,,Cash,Online,2022-08-11,False
TXN_4075359,CUST_06,Furniture,,12.5,,,Credit Card,In-store,2024-10-13,False
TXN_5044258,CUST_04,Computers and electric accessories,,,10.0,260.0,Digital Wallet,Online,2023-01-26,
TXN_7013735,CUST_25,Furniture,,39.5,,,Credit Card,Online,2022-11-07,
TXN_8186737,CUST_08,Patisserie,,,5.0,167.5,Credit Card,Online,2023-05-16,
TXN_8388501,CUST_19,Furniture,,20.0,,,Credit Card,Online,2022-04-24,False
TXN_7777970,CUST_19,Computers and electric accessories,,32.0,,,Digital Wallet,Online,2024-01-02,False
TXN_5568136,CUST_04,Patisserie,,,8.0,160.0,Credit Card,Online,2023-12-25,True
TXN_5842704,CUST_01,Patisserie,,,6.0,30.0,Cash,Online,2023-09-30,False
TXN_6677596,CUST_09,Milk Products,,27.5,,,Credit Card,In-store,2024-12-02,True
TXN_8865856,CUST_05,Beverages,,17.0,,,Cash,Online,2023-04-11,True
TXN_4718422,CUST_04,Milk Products,,,1.0,20.0,Cash,Online,2023-05-26,
TXN_9246983,CUST_09,Electric household essentials,,26.0,,,Cash,Online,2024-07-24,
TXN_4548028,CUST_20,Food,,39.5,,,Credit Card,In-store,2024-08-04,True
TXN_5351182,CUST_18,Food,,6.5,,,Credit Card,In-store,2023-04-10,True
TXN_4992208,CUST_22,Food,,11.0,,,Cash,Online,2023-03-27,True
TXN_2205066,CUST_11,Food,,,2.0,25.0,Digital Wallet,In-store,2024-06-23,True
TXN_3631452,CUST_12,Patisserie,,,7.0,203.0,Digital Wallet,Online,2024-04-15,True
TXN_2809812,CUST_15,Furniture,,,9.0,234.0,Credit Card,In-store,2022-09-01,True
TXN_2191926,CUST_19,Butchers,,17.0,,,Digital Wallet,In-store,2022-10-18,True
TXN_1207984,CUST_17,Food,,,6.0,174.0,Credit Card,In-store,2022-05-10,
TXN_8414334,CUST_23,Furniture,,,8.0,112.0,Digital Wallet,Online,2024-11-27,True
TXN_4396084,CUST_19,Furniture,,11.0,,,Cash,In-store,2024-03-30,True
TXN_3149006,CUST_08,Milk Products,,38.0,,,Credit Card,Online,2024-05-19,True
TXN_5541676,CUST_17,Beverages,,,9.0,153.0,Digital Wallet,Online,2024-03-20,False
TXN_3742213,CUST_21,Butchers,,6.5,,,Cash,In-store,2023-12-10,True
TXN_3964623,CUST_22,Milk Products,,36.5,,,Cash,In-store,2024-03-01,
TXN_5324237,CUST_19,Milk Products,,,9.0,288.0,Credit Card,Online,2023-11-09,False
TXN_3947387,CUST_17,Computers and electric accessories,,,7.0,66.5,Digital Wallet,Online,2023-12-13,False
TXN_9675839,CUST_09,Patisserie,,,2.0,31.0,Credit Card,In-store,2023-04-07,False
TXN_5769114,CUST_21,Milk Products,,,7.0,98.0,Digital Wallet,In-store,2023-09-20,True
TXN_3907047,CUST_19,Beverages,,,2.0,64.0,Cash,Online,2022-01-27,True
TXN_3384705,CUST_17,Computers and electric accessories,,14.0,,,Cash,In-store,2023-10-05,True
TXN_8917078,CUST_18,Computers and electric accessories,,,8.0,268.0,Credit Card,Online,2022-10-15,False
TXN_9478901,CUST_11,Patisserie,,,7.0,150.5,Digital Wallet,In-store,2022-09-23,True
TXN_5200691,CUST_16,Food,,,9.0,153.0,Credit Card,In-store,2022-07-18,False
TXN_8126831,CUST_23,Butchers,,29.0,,,Credit Card,In-store,2023-11-25,
TXN_5862292,CUST_11,Beverages,,14.0,,,Credit Card,In-store,2023-04-16,
TXN_5444047,CUST_21,Milk Products,,,3.0,96.0,Credit Card,Online,2022-01-12,False
TXN_7191353,CUST_08,Beverages,,,10.0,290.0,Digital Wallet,In-store,2024-01-19,False
TXN_9177670,CUST_25,Computers and electric accessories,,32.0,,,Cash,Online,2024-10-20,True
TXN_4880413,CUST_17,Furniture,,20.0,,,Cash,In-store,2022-02-25,
TXN_9875507,CUST_15,Computers and electric accessories,,26.0,,,Digital Wallet,Online,2022-07-16,False
TXN_8685497,CUST_13,Electric household essentials,,,8.0,304.0,Credit Card,In-store,2022-08-22,False
TXN_5456972,CUST_16,Electric household essentials,,,2.0,82.0,Cash,In-store,2023-11-05,True
TXN_4581027,CUST_10,Patisserie,,39.5,,,Cash,In-store,2022-11-07,False
TXN_9811351,CUST_07,Electric household essentials,,,6.0,39.0,Digital Wallet,In-store,2023-05-22,False
TXN_9576872,CUST_01,Computers and electric accessories,,,3.0,64.5,Cash,In-store,2022-11-15,True
TXN_4261143,CUST_20,Milk Products,,29.0,,,Credit Card,In-store,2022-12-11,True
TXN_8631857,CUST_11,Food,,36.5,,,Digital Wallet,In-store,2022-04-13,False
TXN_9719161,CUST_21,Computers and electric accessories,,,8.0,304.0,Cash,In-store,2024-09-11,
TXN_5308843,CUST_13,Food,,9.5,,,Credit Card,In-store,2022-12-24,True
TXN_4143842,CUST_05,Butchers,,23.0,,,Digital Wallet,In-store,2023-06-07,True
TXN_3022586,CUST_24,Butchers,,24.5,,,Digital Wallet,In-store,2024-08-13,True
TXN_6629897,CUST_11,Beverages,,,7.0,213.5,Credit Card,In-store,2024-03-05,True
TXN_5266615,CUST_20,Patisserie,,6.5,,,Digital Wallet,In-store,2024-04-10,
TXN_5612933,CUST_23,Butchers,,12.5,,,Cash,In-store,2022-06-02,
TXN_4786582,CUST_16,Electric household essentials,,,1.0,33.5,Credit Card,Online,2023-12-18,
TXN_3846417,CUST_17,Beverages,,,2.0,34.0,Cash,In-store,2024-03-30,True
TXN_8830578,CUST_18,Electric household essentials,,,9.0,112.5,Cash,Online,2023-04-17,False
TXN_9103065,CUST_03,Food,,23.0,,,Cash,In-store,2022-05-21,True
TXN_1955780,CUST_18,Milk Products,,27.5,,,Credit Card,Online,2023-07-12,
TXN_6241198,CUST_24,Computers and electric accessories,,35.0,,,Credit Card,Online,2023-10-02,False
TXN_5635056,CUST_04,Computers and electric accessories,,,6.0,102.0,Cash,Online,2023-04-24,True
TXN_1046262,CUST_14,Milk Products,,,5.0,70.0,Cash,In-store,2022-11-19,False
TXN_1768505,CUST_21,Food,,8.0,,,Cash,In-store,2024-08-24,True
TXN_3760533,CUST_04,Computers and electric accessories,,32.0,,,Digital Wallet,Online,2022-10-31,True
TXN_4770477,CUST_24,Electric household essentials,,,7.0,87.5,Digital Wallet,Online,2022-04-10,
TXN_9966592,CUST_13,Furniture,,,7.0,234.5,Cash,In-store,2022-05-17,
TXN_6585500,CUST_25,Electric household essentials,,5.0,,,Credit Card,Online,2022-10-09,True
TXN_6342389,CUST_02,Food,,30.5,,,Cash,In-store,2024-10-09,True
TXN_8315157,CUST_01,Furniture,,41.0,,,Cash,Online,2023-04-19,False
TXN_4654556,CUST_20,Furniture,,,9.0,342.0,Cash,Online,2023-04-27,
TXN_4279707,CUST_19,Furniture,,,2.0,13.0,Cash,Online,2022-03-03,True
TXN_3798658,CUST_25,Beverages,,,9.0,369.0,Cash,Online,2024-02-24,
TXN_7528195,CUST_24,Patisserie,,24.5,,,Credit Card,Online,2023-03-15,
TXN_8616642,CUST_20,Milk Products,,,4.0,146.0,Digital Wallet,Online,2023-11-06,False
TXN_3995208,CUST_05,Food,,17.0,,,Digital Wallet,In-store,2022-06-02,
TXN_1595090,CUST_19,Patisserie,,,6.0,246.0,Cash,Online,2024-07-11,
TXN_2032489,CUST_14,Butchers,,,8.0,304.0,Cash,Online,2023-09-24,True
TXN_7467051,CUST_22,Milk Products,,14.0,,,Credit Card,In-store,2024-05-18,False
TXN_3192013,CUST_01,Beverages,,,9.0,315.0,Cash,In-store,2022-02-13,True
TXN_9404791,CUST_05,Electric household essentials,,,9.0,369.0,Cash,In-store,2023-08-31,
TXN_9868145,CUST_15,Patisserie,,9.5,,,Credit Card,In-store,2023-06-02,True
TXN_3171724,CUST_18,Patisserie,,29.0,,,Digital Wallet,Online,2023-05-07,False
TXN_1851869,CUST_20,Electric household essentials,,33.5,,,Cash,In-store,2023-12-17,True
TXN_8972502,CUST_12,Food,,9.5,,,Digital Wallet,Online,2024-05-05,
TXN_7869272,CUST_06,Butchers,,9.5,,,Digital Wallet,In-store,2023-01-12,
TXN_7450689,CUST_18,Butchers,,12.5,,,Credit Card,Online,2023-05-25,True
TXN_3573477,CUST_18,Milk Products,,32.0,,,Cash,In-store,2023-08-22,True
TXN_4090954,CUST_21,Milk Products,,32.0,,,Credit Card,Online,2024-08-03,False
TXN_5238332,CUST_23,Beverages,,24.5,,,Digital Wallet,Online,2025-01-15,False
TXN_9815869,CUST_17,Electric household essentials,,,9.0,180.0,Credit Card,In-store,2022-06-25,
TXN_6442349,CUST_17,Milk Products,,,5.0,137.5,Credit Card,In-store,2025-01-01,
TXN_9208311,CUST_06,Electric household essentials,,33.5,,,Digital Wallet,In-store,2023-04-12,
TXN_8438783,CUST_04,Electric household essentials,,,7.0,234.5,Digital Wallet,Online,2022-02-04,
TXN_2065846,CUST_19,Milk Products,,,1.0,32.0,Credit Card,Online,2024-02-12,True
TXN_5943276,CUST_02,Food,,,2.0,82.0,Credit Card,Online,2023-07-25,True
TXN_3964699,CUST_15,Patisserie,,29.0,,,Credit Card,In-store,2023-12-19,
TXN_3306261,CUST_15,Electric household essentials,,6.5,,,Digital Wallet,In-store,2024-03-25,False
TXN_9478937,CUST_05,Patisserie,,23.0,,,Digital Wallet,Online,2022-11-14,True
TXN_4311947,CUST_18,Electric household essentials,,14.0,,,Digital Wallet,In-store,2023-07-17,False
TXN_1834624,CUST_25,Patisserie,,39.5,,,Cash,In-store,2023-07-22,True
TXN_3969761,CUST_03,Milk Products,,,1.0,32.0,Digital Wallet,Online,2022-10-02,
TXN_9663281,CUST_10,Milk Products,,9.5,,,Digital Wallet,In-store,2024-06-08,
TXN_7107634,CUST_24,Milk Products,,,3.0,114.0,Digital Wallet,Online,2022-05-16,False
TXN_8047218,CUST_17,Food,,30.5,,,Credit Card,Online,2024-02-14,
TXN_4475227,CUST_18,Electric household essentials,,21.5,,,Digital Wallet,Online,2024-05-10,
TXN_2444942,CUST_09,Patisserie,,,8.0,112.0,Digital Wallet,Online,2023-05-02,False
TXN_2892369,CUST_03,Beverages,,,8.0,280.0,Credit Card,In-store,2023-06-10,False
TXN_2305144,CUST_24,Food,,36.5,,,Digital Wallet,Online,2022-06-15,True
TXN_3311644,CUST_24,Computers and electric accessories,,32.0,,,Cash,Online,2025-01-01,
TXN_9502131,CUST_12,Beverages,,,3.0,15.0,Credit Card,Online,2023-07-19,True
TXN_5259819,CUST_19,Patisserie,,,5.0,32.5,Credit Card,In-store,2022-02-18,
TXN_4259454,CUST_09,Computers and electric accessories,,33.5,,,Credit Card,In-store,2024-07-29,True
TXN_2143826,CUST_05,Milk Products,,,5.0,160.0,Credit Card,In-store,2024-08-14,False
TXN_7177193,CUST_09,Patisserie,,,7.0,161.0,Digital Wallet,Online,2023-04-02,
TXN_6058330,CUST_08,Patisserie,,,8.0,196.0,Digital Wallet,Online,2022-05-24,True
TXN_4995249,CUST_14,Milk Products,,,3.0,28.5,Digital Wallet,Online,2022-07-28,
TXN_8157843,CUST_11,Milk Products,,38.0,,,Digital Wallet,In-store,2023-03-29,
TXN_5618781,CUST_09,Milk Products,,,5.0,55.0,Digital Wallet,In-store,2022-11-04,
TXN_9958675,CUST_24,Electric household essentials,,,6.0,120.0,Cash,In-store,2024-02-27,
TXN_5211253,CUST_19,Furniture,,33.5,,,Credit Card,Online,2022-07-12,True
TXN_8407265,CUST_08,Furniture,,41.0,,,Credit Card,In-store,2024-08-30,
TXN_5657839,CUST_24,Furniture,,,5.0,197.5,Credit Card,Online,2024-04-01,
TXN_8362813,CUST_20,Beverages,,,5.0,160.0,Cash,Online,2022-08-22,
TXN_2598056,CUST_05,Furniture,,26.0,,,Credit Card,In-store,2024-06-30,False
TXN_1071762,CUST_19,Beverages,,,3.0,28.5,Cash,In-store,2024-10-31,
TXN_7714982,CUST_20,Butchers,,,4.0,98.0,Credit Card,Online,2024-06-17,True
TXN_9266601,CUST_12,Food,,,7.0,45.5,Digital Wallet,Online,2024-04-30,True
TXN_3871513,CUST_15,Patisserie,,,8.0,160.0,Digital Wallet,Online,2024-07-12,True
TXN_1799662,CUST_23,Food,,21.5,,,Digital Wallet,Online,2022-01-09,False
TXN_3763280,CUST_20,Beverages,,,1.0,9.5,Credit Card,In-store,2024-12-20,False
TXN_6304327,CUST_18,Electric household essentials,,32.0,,,Credit Card,Online,2023-03-23,False
TXN_7798925,CUST_08,Beverages,,,9.0,220.5,Cash,In-store,2023-03-21,False
TXN_7062557,CUST_03,Furniture,,,5.0,32.5,Credit Card,Online,2023-02-03,
TXN_4145243,CUST_08,Patisserie,,,10.0,185.0,Cash,Online,2024-12-08,
TXN_8970327,CUST_06,Patisserie,,14.0,,,Digital Wallet,Online,2024-07-16,
TXN_5693955,CUST_08,Electric household essentials,,17.0,,,Credit Card,Online,2022-07-01,
TXN_6198629,CUST_15,Computers and electric accessories,,,2.0,28.0,Digital Wallet,Online,2023-10-05,
TXN_4682522,CUST_07,Electric household essentials,,26.0,,,Cash,Online,2024-07-09,False
TXN_7745199,CUST_13,Furniture,,,9.0,342.0,Digital Wallet,In-store,2022-03-17,
TXN_8951116,CUST_07,Electric household essentials,,,4.0,50.0,Credit Card,Online,2023-01-23,
TXN_7224775,CUST_02,Butchers,,21.5,,,Cash,In-store,2024-05-08,True
TXN_4297692,CUST_15,Furniture,,,6.0,39.0,Digital Wallet,Online,2023-06-29,
TXN_4338398,CUST_07,Food,,9.5,,,Digital Wallet,Online,2024-09-14,
TXN_9298092,CUST_09,Electric household essentials,,23.0,,,Digital Wallet,In-store,2022-11-14,False
TXN_3760030,CUST_05,Food,,,2.0,22.0,Cash,Online,2023-11-24,False
TXN_6506416,CUST_02,Furniture,,,5.0,122.5,Cash,In-store,2024-07-24,True
TXN_1201215,CUST_13,Computers and electric accessories,,,6.0,93.0,Cash,Online,2022-10-03,True
TXN_8227236,CUST_07,Milk Products,,,4.0,62.0,Digital Wallet,Online,2024-05-12,True
TXN_8812902,CUST_10,Computers and electric accessories,,11.0,,,Credit Card,Online,2022-11-17,True
TXN_4457696,CUST_22,Butchers,,,10.0,215.0,Credit Card,In-store,2022-12-04,True
TXN_2556431,CUST_04,Beverages,,,7.0,98.0,Cash,Online,2024-02-04,False
TXN_5495445,CUST_21,Butchers,,,7.0,35.0,Cash,Online,2023-09-18,
TXN_9113838,CUST_24,Food,,,8.0,40.0,Credit Card,In-store,2023-06-30,True
TXN_4194229,CUST_20,Beverages,,35.0,,,Credit Card,In-store,2022-02-02,
TXN_4879610,CUST_04,Food,,11.0,,,Digital Wallet,Online,2022-08-05,
TXN_1223128,CUST_13,Butchers,,26.0,,,Digital Wallet,In-store,2023-10-24,False
TXN_7671253,CUST_12,Electric household essentials,,,3.0,69.0,Credit Card,Online,2022-10-14,True
TXN_2252968,CUST_17,Patisserie,,15.5,,,Credit Card,Online,2022-12-11,False
TXN_8297757,CUST_17,Beverages,,8.0,,,Cash,Online,2022-12-27,True
TXN_3525275,CUST_21,Food,,,1.0,20.0,Digital Wallet,Online,2024-03-16,False
TXN_6330621,CUST_17,Electric household essentials,,41.0,,,Digital Wallet,Online,2024-01-12,
TXN_5545903,CUST_25,Milk Products,,21.5,,,Credit Card,In-store,2022-03-25,True
TXN_3708702,CUST_11,Beverages,,,4.0,20.0,Credit Card,Online,2022-08-24,False
TXN_6292699,CUST_18,Computers and electric accessories,,,8.0,244.0,Credit Card,In-store,2025-01-14,
TXN_5105838,CUST_17,Electric household essentials,,,3.0,123.0,Digital Wallet,Online,2024-05-24,True
TXN_2634754,CUST_07,Electric household essentials,,,3.0,78.0,Cash,Online,2022-05-15,True
TXN_2414883,CUST_04,Food,,41.0,,,Cash,In-store,2022-02-01,
TXN_4266749,CUST_11,Furniture,,,7.0,266.0,Cash,In-store,2022-08-10,True
TXN_7014462,CUST_24,Patisserie,,,2.0,37.0,Credit Card,Online,2024-11-29,False
TXN_1720372,CUST_20,Food,,11.0,,,Credit Card,In-store,2023-10-23,True
TXN_9279801,CUST_03,Furniture,,39.5,,,Credit Card,In-store,2022-05-27,
TXN_7072261,CUST_19,Patisserie,,38.0,,,Credit Card,In-store,2024-03-08,
TXN_9493727,CUST_07,Milk Products,,36.5,,,Credit Card,Online,2023-09-20,False
TXN_6073559,CUST_19,Butchers,,21.5,,,Digital Wallet,Online,2023-07-18,False
TXN_5147764,CUST_01,Furniture,,,5.0,32.5,Credit Card,Online,2023-09-06,True
TXN_2912144,CUST_06,Electric household essentials,,33.5,,,Credit Card,In-store,2023-12-21,
TXN_1352194,CUST_17,Electric household essentials,,,4.0,86.0,Credit Card,Online,2023-02-26,
TXN_3425314,CUST_09,Butchers,,8.0,,,Cash,In-store,2024-10-14,False
TXN_5573824,CUST_16,Patisserie,,41.0,,,Digital Wallet,In-store,2022-03-30,True
TXN_2450919,CUST_15,Furniture,,14.0,,,Cash,Online,2024-04-11,True
TXN_4174028,CUST_17,Butchers,,6.5,,,Credit Card,Online,2022-01-07,
TXN_5625684,CUST_22,Computers and electric accessories,,,4.0,80.0,Cash,In-store,2022-11-09,True
TXN_7894525,CUST_23,Butchers,,,1.0,26.0,Credit Card,Online,2023-01-31,True
TXN_2997457,CUST_02,Beverages,,24.5,,,Digital Wallet,Online,2023-07-04,False
TXN_5715500,CUST_17,Food,,,3.0,100.5,Digital Wallet,Online,2024-06-05,False
TXN_3638067,CUST_11,Electric household essentials,,35.0,,,Digital Wallet,In-store,2022-04-21,
TXN_1069238,CUST_23,Food,,5.0,,,Digital Wallet,In-store,2022-08-13,False
TXN_4823896,CUST_05,Milk Products,,8.0,,,Cash,In-store,2022-07-21,False
TXN_4397672,CUST_04,Beverages,,41.0,,,Credit Card,Online,2024-11-28,True
TXN_7422454,CUST_07,Butchers,,33.5,,,Cash,Online,2023-04-15,
TXN_2153066,CUST_17,Electric household essentials,,29.0,,,Digital Wallet,In-store,2024-03-28,False
